ts,rain,wind_speed,et0,solar_radiation
2023-06-28 00:00:00,0.0,17.7,0.04,0.0
2023-06-28 01:00:00,0.0,15.5,0.03,0.0
2023-06-28 02:00:00,0.0,16.2,0.02,0.0
2023-06-28 03:00:00,0.0,13.8,0.01,0.0
2023-06-28 04:00:00,0.0,12.6,0.02,2.0
2023-06-28 05:00:00,0.0,13.4,0.04,25.0
2023-06-28 06:00:00,0.0,12.8,0.06,55.0
2023-06-28 07:00:00,0.0,13.7,0.1,98.0
2023-06-28 08:00:00,0.0,12.6,0.12,123.0
2023-06-28 09:00:00,0.0,12.7,0.19,220.0
2023-06-28 10:00:00,0.0,14.4,0.24,295.0
2023-06-28 11:00:00,0.0,11.5,0.38,497.0
2023-06-28 12:00:00,0.0,11.3,0.49,691.0
2023-06-28 13:00:00,0.1,10.8,0.54,756.0
2023-06-28 14:00:00,0.2,16.2,0.5,679.0
2023-06-28 15:00:00,0.1,17.4,0.43,568.0
2023-06-28 16:00:00,0.0,18.7,0.35,425.0
2023-06-28 17:00:00,0.0,20.1,0.25,260.0
2023-06-28 18:00:00,0.0,17.3,0.18,123.0
2023-06-28 19:00:00,0.0,15.1,0.12,37.0
2023-06-28 20:00:00,0.0,15.1,0.12,0.0
2023-06-28 21:00:00,0.0,14.5,0.08,0.0
2023-06-28 22:00:00,0.0,12.5,0.07,0.0
2023-06-28 23:00:00,0.0,10.3,0.05,0.0
2023-06-29 00:00:00,0.0,7.4,0.02,0.0
2023-06-29 01:00:00,0.0,7.1,0.02,0.0
2023-06-29 02:00:00,0.0,8.3,0.02,0.0
2023-06-29 03:00:00,0.0,9.5,0.02,0.0
2023-06-29 04:00:00,0.0,8.7,0.02,3.0
2023-06-29 05:00:00,0.0,8.9,0.05,68.0
2023-06-29 06:00:00,0.0,9.7,0.13,205.0
2023-06-29 07:00:00,0.0,13.0,0.25,374.0
2023-06-29 08:00:00,0.0,17.1,0.39,532.0
2023-06-29 09:00:00,0.0,18.1,0.51,677.0
2023-06-29 10:00:00,0.0,17.4,0.59,786.0
2023-06-29 11:00:00,0.0,16.7,0.66,857.0
2023-06-29 12:00:00,0.0,14.8,0.67,885.0
2023-06-29 13:00:00,0.0,11.6,0.55,678.0
2023-06-29 14:00:00,0.0,9.0,0.46,544.0
2023-06-29 15:00:00,0.0,9.7,0.47,577.0
2023-06-29 16:00:00,0.0,9.0,0.39,466.0
2023-06-29 17:00:00,0.0,7.9,0.28,321.0
2023-06-29 18:00:00,0.0,6.1,0.15,158.0
2023-06-29 19:00:00,0.0,6.9,0.08,37.0
2023-06-29 20:00:00,0.0,7.6,0.08,0.0
2023-06-29 21:00:00,0.0,10.0,0.07,0.0
2023-06-29 22:00:00,0.0,8.4,0.06,0.0
2023-06-29 23:00:00,0.0,5.5,0.03,0.0
2023-06-30 00:00:00,0.0,15.8,0.03,0.0
2023-06-30 01:00:00,0.2,11.4,0.0,0.0
2023-06-30 02:00:00,0.0,2.0,0.0,0.0
2023-06-30 03:00:00,0.0,7.6,0.0,0.0
2023-06-30 04:00:00,0.0,4.2,0.01,2.0
2023-06-30 05:00:00,0.0,2.9,0.03,53.0
2023-06-30 06:00:00,0.0,5.6,0.1,167.0
2023-06-30 07:00:00,0.0,5.2,0.17,267.0
2023-06-30 08:00:00,0.0,1.5,0.23,356.0
2023-06-30 09:00:00,0.0,4.5,0.18,236.0
2023-06-30 10:00:00,0.3,1.0,0.22,308.0
2023-06-30 11:00:00,0.2,1.8,0.31,436.0
2023-06-30 12:00:00,0.1,7.3,0.36,512.0
2023-06-30 13:00:00,0.1,5.8,0.15,148.0
2023-06-30 14:00:00,0.7,6.3,0.18,222.0
2023-06-30 15:00:00,0.4,3.9,0.25,365.0
2023-06-30 16:00:00,0.3,3.6,0.21,303.0
2023-06-30 17:00:00,1.1,6.8,0.14,189.0
2023-06-30 18:00:00,5.3,12.4,0.05,70.0
2023-06-30 19:00:00,1.8,9.5,0.02,21.0
2023-06-30 20:00:00,0.3,8.0,0.02,0.0
2023-06-30 21:00:00,0.1,5.6,0.0,0.0
2023-06-30 22:00:00,0.0,5.0,0.0,0.0
2023-06-30 23:00:00,0.0,4.7,0.0,0.0
2023-07-01 00:00:00,0.0,6.2,0.0,0.0
2023-07-01 01:00:00,0.0,6.4,0.0,0.0
2023-07-01 02:00:00,0.0,7.0,0.0,0.0
2023-07-01 03:00:00,0.0,5.7,0.0,0.0
2023-07-01 04:00:00,0.0,5.0,0.0,2.0
2023-07-01 05:00:00,0.0,7.4,0.03,59.0
2023-07-01 06:00:00,0.0,5.4,0.1,178.0
2023-07-01 07:00:00,0.0,6.8,0.21,347.0
2023-07-01 08:00:00,0.0,3.9,0.32,510.0
2023-07-01 09:00:00,0.0,4.6,0.36,542.0
2023-07-01 10:00:00,0.0,3.9,0.41,597.0
2023-07-01 11:00:00,0.0,2.9,0.5,731.0
2023-07-01 12:00:00,0.0,5.1,0.53,784.0
2023-07-01 13:00:00,0.0,6.7,0.52,760.0
2023-07-01 14:00:00,0.0,5.7,0.51,735.0
2023-07-01 15:00:00,0.0,3.6,0.43,620.0
2023-07-01 16:00:00,0.0,3.9,0.33,479.0
2023-07-01 17:00:00,0.0,5.9,0.23,319.0
2023-07-01 18:00:00,0.0,4.0,0.12,165.0
2023-07-01 19:00:00,0.0,7.8,0.05,41.0
2023-07-01 20:00:00,0.0,5.9,0.04,0.0
2023-07-01 21:00:00,0.0,7.8,0.02,0.0
2023-07-01 22:00:00,0.0,8.3,0.02,0.0
2023-07-01 23:00:00,0.0,6.6,0.01,0.0
2023-07-02 00:00:00,0.0,10.5,0.02,0.0
2023-07-02 01:00:00,0.0,6.4,0.0,0.0
2023-07-02 02:00:00,0.0,7.4,0.0,0.0
2023-07-02 03:00:00,0.0,6.0,0.0,0.0
2023-07-02 04:00:00,0.0,5.0,0.01,2.0
2023-07-02 05:00:00,0.0,7.1,0.05,64.0
2023-07-02 06:00:00,0.0,4.0,0.12,199.0
2023-07-02 07:00:00,0.0,3.8,0.23,360.0
2023-07-02 08:00:00,0.0,3.8,0.35,524.0
2023-07-02 09:00:00,0.0,2.5,0.46,669.0
2023-07-02 10:00:00,0.0,2.3,0.55,781.0
2023-07-02 11:00:00,0.0,3.1,0.58,802.0
2023-07-02 12:00:00,0.0,2.5,0.6,822.0
2023-07-02 13:00:00,0.0,0.4,0.57,782.0
2023-07-02 14:00:00,0.0,1.5,0.52,712.0
2023-07-02 15:00:00,0.3,12.0,0.37,441.0
2023-07-02 16:00:00,0.1,1.8,0.29,408.0
2023-07-02 17:00:00,0.3,4.5,0.22,291.0
2023-07-02 18:00:00,0.0,5.8,0.13,158.0
2023-07-02 19:00:00,0.0,4.8,0.04,37.0
2023-07-02 20:00:00,0.0,7.3,0.04,0.0
2023-07-02 21:00:00,0.0,8.9,0.03,0.0
2023-07-02 22:00:00,0.0,13.6,0.05,0.0
2023-07-02 23:00:00,0.0,7.3,0.02,0.0
2023-07-03 00:00:00,0.0,8.9,0.03,0.0
2023-07-03 01:00:00,0.0,5.8,0.01,0.0
2023-07-03 02:00:00,0.0,5.7,0.01,0.0
2023-07-03 03:00:00,0.0,6.1,0.0,0.0
2023-07-03 04:00:00,0.0,4.4,0.01,2.0
2023-07-03 05:00:00,0.0,4.3,0.04,63.0
2023-07-03 06:00:00,0.0,1.5,0.11,195.0
2023-07-03 07:00:00,0.0,6.2,0.23,351.0
2023-07-03 08:00:00,0.0,4.0,0.35,529.0
2023-07-03 09:00:00,0.0,2.5,0.45,651.0
2023-07-03 10:00:00,0.0,5.8,0.51,722.0
2023-07-03 11:00:00,0.0,6.8,0.55,749.0
2023-07-03 12:00:00,0.0,4.2,0.49,670.0
2023-07-03 13:00:00,2.6,3.7,0.48,673.0
2023-07-03 14:00:00,0.8,2.1,0.45,625.0
2023-07-03 15:00:00,0.0,6.3,0.41,565.0
2023-07-03 16:00:00,5.0,8.2,0.22,327.0
2023-07-03 17:00:00,0.3,10.5,0.13,156.0
2023-07-03 18:00:00,4.2,4.3,0.08,136.0
2023-07-03 19:00:00,0.2,4.4,0.03,25.0
2023-07-03 20:00:00,0.0,9.0,0.02,0.0
2023-07-03 21:00:00,0.0,5.8,0.0,0.0
2023-07-03 22:00:00,0.0,3.3,0.0,0.0
2023-07-03 23:00:00,0.0,4.5,0.0,0.0
2023-07-04 00:00:00,0.0,12.2,0.0,0.0
2023-07-04 01:00:00,0.0,15.3,0.0,0.0
2023-07-04 02:00:00,0.0,16.1,0.0,0.0
2023-07-04 03:00:00,0.0,10.5,0.0,0.0
2023-07-04 04:00:00,4.8,16.9,0.0,2.0
2023-07-04 05:00:00,0.0,7.8,0.03,24.0
2023-07-04 06:00:00,0.1,3.3,0.08,132.0
2023-07-04 07:00:00,0.0,1.8,0.15,248.0
2023-07-04 08:00:00,0.1,2.1,0.19,297.0
2023-07-04 09:00:00,0.1,3.6,0.21,312.0
2023-07-04 10:00:00,0.0,4.9,0.32,474.0
2023-07-04 11:00:00,0.0,6.2,0.38,551.0
2023-07-04 12:00:00,0.0,9.2,0.44,602.0
2023-07-04 13:00:00,0.7,4.7,0.37,502.0
2023-07-04 14:00:00,0.5,9.9,0.41,557.0
2023-07-04 15:00:00,0.6,6.5,0.37,520.0
2023-07-04 16:00:00,0.1,4.2,0.21,277.0
2023-07-04 17:00:00,0.3,4.8,0.2,263.0
2023-07-04 18:00:00,0.0,2.9,0.1,136.0
2023-07-04 19:00:00,0.0,4.8,0.04,37.0
2023-07-04 20:00:00,0.0,4.7,0.02,0.0
2023-07-04 21:00:00,0.0,4.3,0.0,0.0
2023-07-04 22:00:00,1.9,24.4,0.02,0.0
2023-07-04 23:00:00,3.5,7.4,0.0,0.0
2023-07-05 00:00:00,0.0,23.1,0.03,0.0
2023-07-05 01:00:00,0.0,5.5,0.0,0.0
2023-07-05 02:00:00,0.6,15.0,0.01,0.0
2023-07-05 03:00:00,0.0,3.4,0.0,0.0
2023-07-05 04:00:00,0.0,4.6,0.0,2.0
2023-07-05 05:00:00,0.0,2.1,0.03,61.0
2023-07-05 06:00:00,0.0,1.8,0.11,196.0
2023-07-05 07:00:00,0.0,1.3,0.22,361.0
2023-07-05 08:00:00,0.0,1.4,0.33,518.0
2023-07-05 09:00:00,0.0,2.4,0.43,644.0
2023-07-05 10:00:00,0.0,2.1,0.51,738.0
2023-07-05 11:00:00,0.0,3.5,0.57,806.0
2023-07-05 12:00:00,0.0,0.8,0.58,823.0
2023-07-05 13:00:00,0.0,3.6,0.56,773.0
2023-07-05 14:00:00,0.0,3.3,0.5,696.0
2023-07-05 15:00:00,0.0,7.6,0.42,557.0
2023-07-05 16:00:00,0.0,7.6,0.24,290.0
2023-07-05 17:00:00,0.0,8.2,0.2,234.0
2023-07-05 18:00:00,0.0,7.8,0.11,107.0
2023-07-05 19:00:00,0.0,7.6,0.05,24.0
2023-07-05 20:00:00,0.0,5.4,0.03,0.0
2023-07-05 21:00:00,0.0,6.3,0.01,0.0
2023-07-05 22:00:00,0.0,6.7,0.0,0.0
2023-07-05 23:00:00,0.0,8.0,0.01,0.0
2023-07-06 00:00:00,0.0,11.5,0.04,0.0
2023-07-06 01:00:00,0.0,8.6,0.02,0.0
2023-07-06 02:00:00,0.0,4.0,0.0,0.0
2023-07-06 03:00:00,0.0,10.7,0.0,0.0
2023-07-06 04:00:00,0.0,8.2,0.02,1.0
2023-07-06 05:00:00,0.0,6.9,0.03,39.0
2023-07-06 06:00:00,0.1,9.0,0.07,108.0
2023-07-06 07:00:00,0.0,3.9,0.09,131.0
2023-07-06 08:00:00,0.0,7.3,0.21,323.0
2023-07-06 09:00:00,0.0,9.4,0.32,480.0
2023-07-06 10:00:00,0.1,5.3,0.25,352.0
2023-07-06 11:00:00,0.2,4.4,0.39,564.0
2023-07-06 12:00:00,0.4,7.6,0.31,440.0
2023-07-06 13:00:00,0.1,8.3,0.43,640.0
2023-07-06 14:00:00,0.1,9.1,0.37,523.0
2023-07-06 15:00:00,0.1,8.0,0.26,341.0
2023-07-06 16:00:00,0.3,6.7,0.21,270.0
2023-07-06 17:00:00,0.0,5.6,0.18,248.0
2023-07-06 18:00:00,0.0,6.8,0.1,126.0
2023-07-06 19:00:00,0.0,5.5,0.03,32.0
2023-07-06 20:00:00,0.0,3.4,0.02,0.0
2023-07-06 21:00:00,0.0,1.4,0.0,0.0
2023-07-06 22:00:00,0.0,2.5,0.0,0.0
2023-07-06 23:00:00,0.0,0.8,0.0,0.0
2023-07-07 00:00:00,0.0,6.2,0.0,0.0
2023-07-07 01:00:00,0.0,4.0,0.0,0.0
2023-07-07 02:00:00,0.0,4.7,0.0,0.0
2023-07-07 03:00:00,0.0,4.6,0.0,0.0
2023-07-07 04:00:00,0.0,5.7,0.0,1.0
2023-07-07 05:00:00,0.0,5.9,0.03,57.0
2023-07-07 06:00:00,0.0,1.6,0.11,192.0
2023-07-07 07:00:00,0.0,2.9,0.23,366.0
2023-07-07 08:00:00,0.0,5.4,0.34,532.0
2023-07-07 09:00:00,0.0,7.9,0.46,678.0
2023-07-07 10:00:00,0.0,8.4,0.55,789.0
2023-07-07 11:00:00,0.0,8.8,0.62,863.0
2023-07-07 12:00:00,0.0,8.1,0.63,878.0
2023-07-07 13:00:00,0.0,8.3,0.61,835.0
2023-07-07 14:00:00,0.0,10.4,0.57,747.0
2023-07-07 15:00:00,0.0,12.2,0.5,634.0
2023-07-07 16:00:00,0.0,13.1,0.4,467.0
2023-07-07 17:00:00,0.0,13.0,0.3,320.0
2023-07-07 18:00:00,0.0,8.4,0.15,159.0
2023-07-07 19:00:00,0.0,8.4,0.08,36.0
2023-07-07 20:00:00,0.0,9.0,0.08,0.0
2023-07-07 21:00:00,0.0,9.2,0.05,0.0
2023-07-07 22:00:00,0.0,7.9,0.03,0.0
2023-07-07 23:00:00,0.0,8.0,0.02,0.0
2023-07-08 00:00:00,0.0,6.5,0.01,0.0
2023-07-08 01:00:00,0.0,5.9,0.0,0.0
2023-07-08 02:00:00,0.0,7.0,0.0,0.0
2023-07-08 03:00:00,0.0,6.9,0.0,0.0
2023-07-08 04:00:00,0.0,5.2,0.01,1.0
2023-07-08 05:00:00,0.0,8.7,0.04,59.0
2023-07-08 06:00:00,0.0,3.2,0.09,152.0
2023-07-08 07:00:00,0.0,3.7,0.08,93.0
2023-07-08 08:00:00,0.0,7.1,0.26,376.0
2023-07-08 09:00:00,0.0,6.0,0.45,648.0
2023-07-08 10:00:00,0.0,7.4,0.56,784.0
2023-07-08 11:00:00,0.0,5.4,0.62,850.0
2023-07-08 12:00:00,0.0,9.1,0.65,860.0
2023-07-08 13:00:00,0.0,6.3,0.63,837.0
2023-07-08 14:00:00,0.0,5.1,0.55,731.0
2023-07-08 15:00:00,0.0,4.8,0.47,614.0
2023-07-08 16:00:00,0.0,5.8,0.37,463.0
2023-07-08 17:00:00,0.0,4.7,0.25,312.0
2023-07-08 18:00:00,0.0,3.4,0.12,157.0
2023-07-08 19:00:00,0.0,7.0,0.06,38.0
2023-07-08 20:00:00,0.0,8.2,0.07,0.0
2023-07-08 21:00:00,0.0,6.6,0.04,0.0
2023-07-08 22:00:00,0.0,1.5,0.0,0.0
2023-07-08 23:00:00,0.0,3.8,0.01,0.0
2023-07-09 00:00:00,0.0,6.5,0.01,0.0
2023-07-09 01:00:00,0.0,4.7,0.0,0.0
2023-07-09 02:00:00,0.0,3.6,0.0,0.0
2023-07-09 03:00:00,0.0,4.5,0.0,0.0
2023-07-09 04:00:00,0.0,4.3,0.01,1.0
2023-07-09 05:00:00,0.0,6.1,0.04,59.0
2023-07-09 06:00:00,0.0,3.3,0.12,195.0
2023-07-09 07:00:00,0.0,4.0,0.24,361.0
2023-07-09 08:00:00,0.0,5.2,0.37,527.0
2023-07-09 09:00:00,0.0,5.8,0.49,674.0
2023-07-09 10:00:00,0.0,5.9,0.59,787.0
2023-07-09 11:00:00,0.0,4.6,0.65,857.0
2023-07-09 12:00:00,0.0,4.6,0.66,879.0
2023-07-09 13:00:00,0.0,4.2,0.65,847.0
2023-07-09 14:00:00,0.0,5.2,0.59,755.0
2023-07-09 15:00:00,0.0,7.5,0.52,625.0
2023-07-09 16:00:00,0.0,8.4,0.41,470.0
2023-07-09 17:00:00,0.0,8.4,0.29,302.0
2023-07-09 18:00:00,0.0,6.8,0.16,153.0
2023-07-09 19:00:00,0.0,8.0,0.08,38.0
2023-07-09 20:00:00,0.0,7.4,0.06,0.0
2023-07-09 21:00:00,0.0,8.2,0.04,0.0
2023-07-09 22:00:00,0.0,6.4,0.03,0.0
2023-07-09 23:00:00,0.0,3.6,0.0,0.0
2023-07-10 00:00:00,0.0,3.9,0.0,0.0
2023-07-10 01:00:00,0.0,2.6,0.0,0.0
2023-07-10 02:00:00,0.0,3.6,0.0,0.0
2023-07-10 03:00:00,0.0,4.2,0.0,0.0
2023-07-10 04:00:00,0.0,4.9,0.01,1.0
2023-07-10 05:00:00,0.0,4.7,0.04,58.0
2023-07-10 06:00:00,0.0,3.6,0.12,192.0
2023-07-10 07:00:00,0.0,2.7,0.24,357.0
2023-07-10 08:00:00,0.0,3.7,0.37,522.0
2023-07-10 09:00:00,0.0,3.4,0.5,667.0
2023-07-10 10:00:00,0.0,3.9,0.6,781.0
2023-07-10 11:00:00,0.0,3.7,0.66,851.0
2023-07-10 12:00:00,0.0,2.1,0.67,871.0
2023-07-10 13:00:00,0.0,1.9,0.64,828.0
2023-07-10 14:00:00,0.0,2.9,0.58,734.0
2023-07-10 15:00:00,0.0,4.1,0.47,579.0
2023-07-10 16:00:00,0.0,4.2,0.29,327.0
2023-07-10 17:00:00,0.0,5.9,0.24,251.0
2023-07-10 18:00:00,0.0,6.6,0.16,154.0
2023-07-10 19:00:00,0.0,8.9,0.1,36.0
2023-07-10 20:00:00,0.0,7.6,0.04,0.0
2023-07-10 21:00:00,0.0,4.4,0.02,0.0
2023-07-10 22:00:00,0.0,4.6,0.01,0.0
2023-07-10 23:00:00,0.0,5.6,0.01,0.0
2023-07-11 00:00:00,0.0,5.4,0.03,0.0
2023-07-11 01:00:00,0.0,5.9,0.03,0.0
2023-07-11 02:00:00,0.0,5.2,0.02,0.0
2023-07-11 03:00:00,0.0,6.6,0.02,0.0
2023-07-11 04:00:00,0.0,6.3,0.02,1.0
2023-07-11 05:00:00,0.0,5.7,0.06,57.0
2023-07-11 06:00:00,0.0,5.0,0.14,191.0
2023-07-11 07:00:00,0.0,4.8,0.25,356.0
2023-07-11 08:00:00,0.0,3.7,0.38,521.0
2023-07-11 09:00:00,0.0,4.3,0.5,669.0
2023-07-11 10:00:00,0.0,4.3,0.61,784.0
2023-07-11 11:00:00,0.0,3.8,0.67,855.0
2023-07-11 12:00:00,0.0,2.5,0.67,874.0
2023-07-11 13:00:00,0.0,2.9,0.65,841.0
2023-07-11 14:00:00,0.0,4.3,0.6,750.0
2023-07-11 15:00:00,0.0,4.7,0.41,471.0
2023-07-11 16:00:00,0.0,1.8,0.33,425.0
2023-07-11 17:00:00,0.0,2.6,0.24,304.0
2023-07-11 18:00:00,0.0,0.8,0.1,155.0
2023-07-11 19:00:00,0.0,8.7,0.1,37.0
2023-07-11 20:00:00,0.0,2.3,0.01,0.0
2023-07-11 21:00:00,0.0,5.2,0.03,0.0
2023-07-11 22:00:00,0.0,7.5,0.04,0.0
2023-07-11 23:00:00,0.0,2.2,0.0,0.0
2023-07-12 00:00:00,0.0,21.7,0.1,0.0
2023-07-12 01:00:00,0.0,8.1,0.03,0.0
2023-07-12 02:00:00,0.0,5.0,0.01,0.0
2023-07-12 03:00:00,0.0,12.6,0.01,0.0
2023-07-12 04:00:00,0.0,4.1,0.0,1.0
2023-07-12 05:00:00,0.0,10.0,0.04,41.0
2023-07-12 06:00:00,0.0,6.9,0.1,136.0
2023-07-12 07:00:00,0.0,6.3,0.25,347.0
2023-07-12 08:00:00,0.0,4.2,0.34,463.0
2023-07-12 09:00:00,0.0,3.4,0.46,623.0
2023-07-12 10:00:00,0.0,1.4,0.51,679.0
2023-07-12 11:00:00,0.0,0.4,0.52,680.0
2023-07-12 12:00:00,0.0,4.8,0.52,667.0
2023-07-12 13:00:00,0.0,10.8,0.55,650.0
2023-07-12 14:00:00,0.0,12.8,0.6,709.0
2023-07-12 15:00:00,0.0,10.2,0.51,597.0
2023-07-12 16:00:00,0.0,3.4,0.36,449.0
2023-07-12 17:00:00,0.0,11.3,0.33,288.0
2023-07-12 18:00:00,0.0,14.5,0.14,145.0
2023-07-12 19:00:00,0.0,6.3,0.04,30.0
2023-07-12 20:00:00,0.0,6.3,0.02,0.0
2023-07-12 21:00:00,0.0,8.5,0.02,0.0
2023-07-12 22:00:00,0.0,16.2,0.04,0.0
2023-07-12 23:00:00,0.0,13.3,0.03,0.0
2023-07-13 00:00:00,0.0,5.4,0.01,0.0
2023-07-13 01:00:00,0.0,7.7,0.02,0.0
2023-07-13 02:00:00,0.0,6.0,0.01,0.0
2023-07-13 03:00:00,0.0,3.1,0.0,0.0
2023-07-13 04:00:00,0.0,3.9,0.03,0.0
2023-07-13 05:00:00,1.7,19.8,0.03,26.0
2023-07-13 06:00:00,16.8,12.7,0.03,26.0
2023-07-13 07:00:00,23.1,10.0,0.05,62.0
2023-07-13 08:00:00,4.2,5.1,0.13,198.0
2023-07-13 09:00:00,0.0,0.8,0.32,478.0
2023-07-13 10:00:00,0.0,4.0,0.37,537.0
2023-07-13 11:00:00,0.0,1.4,0.45,642.0
2023-07-13 12:00:00,0.0,6.5,0.46,613.0
2023-07-13 13:00:00,0.0,5.9,0.41,527.0
2023-07-13 14:00:00,0.0,6.8,0.26,290.0
2023-07-13 15:00:00,0.2,9.2,0.38,503.0
2023-07-13 16:00:00,0.0,4.9,0.3,410.0
2023-07-13 17:00:00,0.0,3.9,0.22,310.0
2023-07-13 18:00:00,0.0,2.5,0.11,157.0
2023-07-13 19:00:00,0.0,7.4,0.04,36.0
2023-07-13 20:00:00,0.0,6.1,0.01,0.0
2023-07-13 21:00:00,0.0,9.1,0.02,0.0
2023-07-13 22:00:00,0.0,9.4,0.02,0.0
2023-07-13 23:00:00,0.0,13.7,0.03,0.0
2023-07-14 00:00:00,0.0,13.4,0.02,0.0
2023-07-14 01:00:00,0.0,14.4,0.01,0.0
2023-07-14 02:00:00,0.0,13.0,0.0,0.0
2023-07-14 03:00:00,0.0,8.8,0.0,0.0
2023-07-14 04:00:00,0.0,11.9,0.02,0.0
2023-07-14 05:00:00,0.0,11.2,0.04,36.0
2023-07-14 06:00:00,0.0,13.7,0.1,121.0
2023-07-14 07:00:00,0.0,15.0,0.15,202.0
2023-07-14 08:00:00,0.0,13.6,0.24,322.0
2023-07-14 09:00:00,0.2,12.0,0.34,473.0
2023-07-14 10:00:00,0.1,10.9,0.42,571.0
2023-07-14 11:00:00,0.1,11.4,0.51,695.0
2023-07-14 12:00:00,0.1,9.7,0.59,809.0
2023-07-14 13:00:00,0.0,4.8,0.56,750.0
2023-07-14 14:00:00,0.0,4.8,0.48,623.0
2023-07-14 15:00:00,0.0,7.1,0.45,565.0
2023-07-14 16:00:00,0.0,7.0,0.36,448.0
2023-07-14 17:00:00,0.0,7.0,0.25,301.0
2023-07-14 18:00:00,0.0,5.9,0.14,150.0
2023-07-14 19:00:00,0.0,5.6,0.05,35.0
2023-07-14 20:00:00,0.0,7.7,0.02,0.0
2023-07-14 21:00:00,0.0,3.6,0.01,0.0
2023-07-14 22:00:00,0.0,1.9,0.0,0.0
2023-07-14 23:00:00,0.0,5.6,0.0,0.0
2023-07-15 00:00:00,0.0,2.1,0.0,0.0
2023-07-15 01:00:00,0.0,3.4,0.0,0.0
2023-07-15 02:00:00,0.0,4.9,0.0,0.0
2023-07-15 03:00:00,0.0,6.1,0.0,0.0
2023-07-15 04:00:00,0.0,4.6,0.02,0.0
2023-07-15 05:00:00,0.0,6.8,0.04,52.0
2023-07-15 06:00:00,0.0,6.1,0.12,185.0
2023-07-15 07:00:00,0.0,5.4,0.23,351.0
2023-07-15 08:00:00,0.0,3.4,0.36,519.0
2023-07-15 09:00:00,0.0,1.8,0.47,666.0
2023-07-15 10:00:00,0.0,3.1,0.58,784.0
2023-07-15 11:00:00,0.0,2.9,0.63,849.0
2023-07-15 12:00:00,0.0,1.5,0.61,831.0
2023-07-15 13:00:00,0.0,7.2,0.62,799.0
2023-07-15 14:00:00,0.0,8.5,0.58,711.0
2023-07-15 15:00:00,0.0,4.1,0.48,607.0
2023-07-15 16:00:00,0.0,1.1,0.34,461.0
2023-07-15 17:00:00,0.0,5.4,0.27,311.0
2023-07-15 18:00:00,0.0,9.1,0.18,158.0
2023-07-15 19:00:00,0.0,8.8,0.08,35.0
2023-07-15 20:00:00,0.0,8.7,0.04,0.0
2023-07-15 21:00:00,0.0,1.0,0.0,0.0
2023-07-15 22:00:00,0.0,4.6,0.01,0.0
2023-07-15 23:00:00,0.0,5.1,0.02,0.0
2023-07-16 00:00:00,0.0,5.6,0.02,0.0
2023-07-16 01:00:00,0.0,8.1,0.03,0.0
2023-07-16 02:00:00,0.0,8.1,0.04,0.0
2023-07-16 03:00:00,0.0,7.6,0.03,0.0
2023-07-16 04:00:00,0.0,5.2,0.04,0.0
2023-07-16 05:00:00,0.0,6.0,0.05,52.0
2023-07-16 06:00:00,0.0,6.0,0.13,188.0
2023-07-16 07:00:00,0.0,6.9,0.25,356.0
2023-07-16 08:00:00,0.0,8.7,0.39,525.0
2023-07-16 09:00:00,0.0,8.8,0.51,674.0
2023-07-16 10:00:00,0.0,7.4,0.6,789.0
2023-07-16 11:00:00,0.0,5.4,0.66,859.0
2023-07-16 12:00:00,0.0,4.3,0.67,877.0
2023-07-16 13:00:00,0.0,4.3,0.66,847.0
2023-07-16 14:00:00,0.0,4.0,0.6,762.0
2023-07-16 15:00:00,0.0,1.5,0.48,631.0
2023-07-16 16:00:00,0.0,7.4,0.44,486.0
2023-07-16 17:00:00,0.0,15.0,0.39,322.0
2023-07-16 18:00:00,0.0,8.8,0.19,157.0
2023-07-16 19:00:00,0.0,11.3,0.14,34.0
2023-07-16 20:00:00,0.0,14.0,0.13,0.0
2023-07-16 21:00:00,0.0,12.8,0.1,0.0
2023-07-16 22:00:00,0.0,13.0,0.09,0.0
2023-07-16 23:00:00,0.0,12.8,0.08,0.0
2023-07-17 00:00:00,0.0,14.6,0.09,0.0
2023-07-17 01:00:00,0.0,15.4,0.1,0.0
2023-07-17 02:00:00,0.0,12.6,0.08,0.0
2023-07-17 03:00:00,0.0,8.6,0.04,0.0
2023-07-17 04:00:00,0.0,7.9,0.05,0.0
2023-07-17 05:00:00,0.0,9.9,0.07,51.0
2023-07-17 06:00:00,0.0,6.1,0.14,187.0
2023-07-17 07:00:00,0.0,5.4,0.25,356.0
2023-07-17 08:00:00,0.0,3.5,0.37,524.0
2023-07-17 09:00:00,0.0,4.0,0.5,673.0
2023-07-17 10:00:00,0.0,5.4,0.61,786.0
2023-07-17 11:00:00,0.0,6.1,0.67,855.0
2023-07-17 12:00:00,0.0,3.3,0.67,874.0
2023-07-17 13:00:00,0.0,1.5,0.59,773.0
2023-07-17 14:00:00,0.0,4.5,0.58,713.0
2023-07-17 15:00:00,0.0,2.1,0.48,615.0
2023-07-17 16:00:00,0.0,9.1,0.45,472.0
2023-07-17 17:00:00,0.0,19.3,0.42,309.0
2023-07-17 18:00:00,0.0,21.3,0.3,150.0
2023-07-17 19:00:00,0.0,23.7,0.22,33.0
2023-07-17 20:00:00,0.0,21.8,0.17,0.0
2023-07-17 21:00:00,0.0,19.2,0.15,0.0
2023-07-17 22:00:00,0.0,16.3,0.12,0.0
2023-07-17 23:00:00,0.0,13.0,0.09,0.0
2023-07-18 00:00:00,0.0,12.3,0.08,0.0
2023-07-18 01:00:00,0.0,11.0,0.07,0.0
2023-07-18 02:00:00,0.0,6.9,0.04,0.0
2023-07-18 03:00:00,0.0,5.2,0.02,0.0
2023-07-18 04:00:00,0.0,4.7,0.04,0.0
2023-07-18 05:00:00,0.0,5.6,0.05,48.0
2023-07-18 06:00:00,0.0,2.5,0.12,181.0
2023-07-18 07:00:00,0.0,3.9,0.25,347.0
2023-07-18 08:00:00,0.0,4.9,0.38,512.0
2023-07-18 09:00:00,0.0,4.7,0.5,659.0
2023-07-18 10:00:00,0.0,3.7,0.59,771.0
2023-07-18 11:00:00,0.0,5.1,0.67,841.0
2023-07-18 12:00:00,0.0,5.4,0.69,864.0
2023-07-18 13:00:00,0.0,7.3,0.68,830.0
2023-07-18 14:00:00,0.0,9.9,0.65,754.0
2023-07-18 15:00:00,0.0,1.5,0.5,634.0
2023-07-18 16:00:00,0.0,7.2,0.44,482.0
2023-07-18 17:00:00,0.0,10.3,0.34,308.0
2023-07-18 18:00:00,0.0,3.3,0.13,150.0
2023-07-18 19:00:00,0.0,3.6,0.05,31.0
2023-07-18 20:00:00,0.0,6.0,0.04,0.0
2023-07-18 21:00:00,0.0,6.8,0.04,0.0
2023-07-18 22:00:00,0.0,9.7,0.07,0.0
2023-07-18 23:00:00,0.0,4.7,0.03,0.0
2023-07-19 00:00:00,0.0,4.4,0.01,0.0
2023-07-19 01:00:00,0.0,11.6,0.04,0.0
2023-07-19 02:00:00,0.0,12.3,0.03,0.0
2023-07-19 03:00:00,0.0,13.2,0.03,0.0
2023-07-19 04:00:00,0.0,6.7,0.03,0.0
2023-07-19 05:00:00,0.0,9.0,0.05,46.0
2023-07-19 06:00:00,0.0,10.1,0.15,176.0
2023-07-19 07:00:00,0.0,12.9,0.27,338.0
2023-07-19 08:00:00,0.0,12.5,0.38,480.0
2023-07-19 09:00:00,0.0,11.0,0.42,509.0
2023-07-19 10:00:00,0.0,8.0,0.49,610.0
2023-07-19 11:00:00,0.0,6.9,0.67,848.0
2023-07-19 12:00:00,0.0,6.8,0.69,866.0
2023-07-19 13:00:00,2.1,23.6,0.45,559.0
2023-07-19 14:00:00,0.4,13.8,0.27,326.0
2023-07-19 15:00:00,0.0,11.6,0.48,602.0
2023-07-19 16:00:00,0.0,4.2,0.26,306.0
2023-07-19 17:00:00,0.0,1.6,0.11,131.0
2023-07-19 18:00:00,0.0,4.7,0.09,70.0
2023-07-19 19:00:00,0.0,5.5,0.04,30.0
2023-07-19 20:00:00,0.0,7.9,0.02,0.0
2023-07-19 21:00:00,0.0,8.0,0.01,0.0
2023-07-19 22:00:00,0.0,9.1,0.02,0.0
2023-07-19 23:00:00,0.0,9.3,0.03,0.0
2023-07-20 00:00:00,0.0,14.2,0.03,0.0
2023-07-20 01:00:00,5.4,9.8,0.01,0.0
2023-07-20 02:00:00,0.0,14.1,0.02,0.0
2023-07-20 03:00:00,0.0,10.3,0.0,0.0
2023-07-20 04:00:00,0.0,10.2,0.02,0.0
2023-07-20 05:00:00,0.0,5.1,0.02,43.0
2023-07-20 06:00:00,0.0,10.0,0.1,153.0
2023-07-20 07:00:00,0.0,7.4,0.2,303.0
2023-07-20 08:00:00,0.0,5.3,0.33,485.0
2023-07-20 09:00:00,0.0,1.8,0.46,654.0
2023-07-20 10:00:00,0.0,3.3,0.55,761.0
2023-07-20 11:00:00,0.0,5.2,0.63,839.0
2023-07-20 12:00:00,0.0,9.5,0.67,858.0
2023-07-20 13:00:00,0.0,9.3,0.64,807.0
2023-07-20 14:00:00,0.0,6.5,0.55,682.0
2023-07-20 15:00:00,0.0,8.0,0.49,588.0
2023-07-20 16:00:00,0.0,2.5,0.31,403.0
2023-07-20 17:00:00,0.0,6.5,0.24,256.0
2023-07-20 18:00:00,0.0,9.2,0.17,123.0
2023-07-20 19:00:00,0.0,12.4,0.12,28.0
2023-07-20 20:00:00,0.0,10.4,0.08,0.0
2023-07-20 21:00:00,0.0,5.4,0.03,0.0
2023-07-20 22:00:00,0.0,13.1,0.08,0.0
2023-07-20 23:00:00,0.0,8.9,0.04,0.0
2023-07-21 00:00:00,0.6,14.0,0.05,0.0
2023-07-21 01:00:00,0.0,5.6,0.01,0.0
2023-07-21 02:00:00,0.0,5.9,0.01,0.0
2023-07-21 03:00:00,0.0,3.9,0.0,0.0
2023-07-21 04:00:00,0.0,4.0,0.02,0.0
2023-07-21 05:00:00,0.0,3.3,0.03,44.0
2023-07-21 06:00:00,0.0,5.0,0.12,175.0
2023-07-21 07:00:00,0.0,13.0,0.25,337.0
2023-07-21 08:00:00,0.0,17.6,0.36,453.0
2023-07-21 09:00:00,0.0,12.8,0.39,508.0
2023-07-21 10:00:00,0.0,12.2,0.43,537.0
2023-07-21 11:00:00,0.1,5.9,0.43,565.0
2023-07-21 12:00:00,0.0,19.5,0.42,592.0
2023-07-21 13:00:00,0.0,10.7,0.52,723.0
2023-07-21 14:00:00,0.0,13.2,0.4,506.0
2023-07-21 15:00:00,0.0,10.7,0.43,557.0
2023-07-21 16:00:00,0.0,14.0,0.33,420.0
2023-07-21 17:00:00,0.0,6.8,0.21,268.0
2023-07-21 18:00:00,0.0,7.2,0.13,141.0
2023-07-21 19:00:00,0.0,4.5,0.04,27.0
2023-07-21 20:00:00,0.2,7.1,0.02,0.0
2023-07-21 21:00:00,0.0,6.6,0.02,0.0
2023-07-21 22:00:00,0.0,4.0,0.0,0.0
2023-07-21 23:00:00,0.0,6.4,0.0,0.0
2023-07-22 00:00:00,0.0,7.9,0.0,0.0
2023-07-22 01:00:00,0.0,14.8,0.01,0.0
2023-07-22 02:00:00,0.0,4.0,0.0,0.0
2023-07-22 03:00:00,0.0,8.8,0.0,0.0
2023-07-22 04:00:00,0.0,0.7,0.01,0.0
2023-07-22 05:00:00,0.0,3.8,0.02,40.0
2023-07-22 06:00:00,0.0,7.9,0.09,151.0
2023-07-22 07:00:00,1.7,5.0,0.14,205.0
2023-07-22 08:00:00,0.5,2.7,0.14,202.0
2023-07-22 09:00:00,0.0,4.9,0.25,360.0
2023-07-22 10:00:00,0.1,7.5,0.38,529.0
2023-07-22 11:00:00,0.1,6.3,0.35,482.0
2023-07-22 12:00:00,0.4,1.8,0.18,225.0
2023-07-22 13:00:00,0.9,17.8,0.53,748.0
2023-07-22 14:00:00,1.3,11.3,0.33,428.0
2023-07-22 15:00:00,0.0,7.2,0.43,587.0
2023-07-22 16:00:00,0.0,6.4,0.33,433.0
2023-07-22 17:00:00,0.0,6.8,0.24,298.0
2023-07-22 18:00:00,0.0,4.8,0.12,141.0
2023-07-22 19:00:00,0.0,7.3,0.05,28.0
2023-07-22 20:00:00,0.0,8.5,0.04,0.0
2023-07-22 21:00:00,0.0,7.6,0.02,0.0
2023-07-22 22:00:00,0.0,7.5,0.01,0.0
2023-07-22 23:00:00,0.0,3.5,0.0,0.0
2023-07-23 00:00:00,0.0,10.2,0.05,0.0
2023-07-23 01:00:00,0.0,16.9,0.05,0.0
2023-07-23 02:00:00,0.0,13.2,0.01,0.0
2023-07-23 03:00:00,0.0,11.6,0.0,0.0
2023-07-23 04:00:00,0.0,11.2,0.02,0.0
2023-07-23 05:00:00,0.0,13.0,0.04,34.0
2023-07-23 06:00:00,0.0,7.1,0.09,131.0
2023-07-23 07:00:00,0.0,4.7,0.19,282.0
2023-07-23 08:00:00,0.0,4.5,0.34,501.0
2023-07-23 09:00:00,0.0,4.4,0.45,647.0
2023-07-23 10:00:00,0.0,6.6,0.52,708.0
2023-07-23 11:00:00,0.0,8.4,0.59,792.0
2023-07-23 12:00:00,0.0,5.0,0.6,793.0
2023-07-23 13:00:00,0.0,3.9,0.59,777.0
2023-07-23 14:00:00,0.0,3.8,0.51,653.0
2023-07-23 15:00:00,0.0,2.7,0.46,597.0
2023-07-23 16:00:00,0.0,8.1,0.41,447.0
2023-07-23 17:00:00,0.0,13.6,0.35,306.0
2023-07-23 18:00:00,0.0,10.7,0.2,143.0
2023-07-23 19:00:00,0.0,12.4,0.14,26.0
2023-07-23 20:00:00,0.0,15.3,0.14,0.0
2023-07-23 21:00:00,0.0,12.1,0.11,0.0
2023-07-23 22:00:00,0.0,8.9,0.07,0.0
2023-07-23 23:00:00,0.0,7.2,0.04,0.0
2023-07-24 00:00:00,0.0,8.4,0.05,0.0
2023-07-24 01:00:00,0.0,10.1,0.06,0.0
2023-07-24 02:00:00,0.0,6.7,0.04,0.0
2023-07-24 03:00:00,0.0,5.4,0.02,0.0
2023-07-24 04:00:00,0.0,6.5,0.02,0.0
2023-07-24 05:00:00,0.0,4.0,0.04,38.0
2023-07-24 06:00:00,0.1,4.0,0.07,48.0
2023-07-24 07:00:00,0.0,1.8,0.21,335.0
2023-07-24 08:00:00,0.0,6.0,0.36,501.0
2023-07-24 09:00:00,0.0,7.4,0.47,631.0
2023-07-24 10:00:00,0.3,2.9,0.38,504.0
2023-07-24 11:00:00,0.2,8.4,0.37,450.0
2023-07-24 12:00:00,0.0,10.3,0.63,828.0
2023-07-24 13:00:00,0.0,12.7,0.59,716.0
2023-07-24 14:00:00,0.0,13.7,0.6,703.0
2023-07-24 15:00:00,0.0,10.9,0.46,506.0
2023-07-24 16:00:00,0.0,18.4,0.22,124.0
2023-07-24 17:00:00,0.0,10.0,0.22,237.0
2023-07-24 18:00:00,0.0,13.1,0.15,101.0
2023-07-24 19:00:00,0.0,14.7,0.09,22.0
2023-07-24 20:00:00,0.0,9.9,0.04,0.0
2023-07-24 21:00:00,0.0,11.6,0.05,0.0
2023-07-24 22:00:00,0.0,14.3,0.06,0.0
2023-07-24 23:00:00,0.0,11.4,0.05,0.0
2023-07-25 00:00:00,0.0,1.8,0.0,0.0
2023-07-25 01:00:00,0.0,2.5,0.0,0.0
2023-07-25 02:00:00,0.0,18.1,0.05,0.0
2023-07-25 03:00:00,0.0,8.8,0.01,0.0
2023-07-25 04:00:00,0.0,5.2,0.0,0.0
2023-07-25 05:00:00,0.0,7.0,0.04,9.0
2023-07-25 06:00:00,0.0,3.5,0.05,51.0
2023-07-25 07:00:00,0.0,14.8,0.13,148.0
2023-07-25 08:00:00,0.0,7.2,0.09,90.0
2023-07-25 09:00:00,0.0,3.1,0.27,399.0
2023-07-25 10:00:00,0.0,4.8,0.31,424.0
2023-07-25 11:00:00,0.0,3.8,0.49,675.0
2023-07-25 12:00:00,0.3,3.2,0.43,628.0
2023-07-25 13:00:00,0.0,1.5,0.34,467.0
2023-07-25 14:00:00,0.0,3.9,0.41,560.0
2023-07-25 15:00:00,0.0,6.5,0.34,422.0
2023-07-25 16:00:00,0.0,15.0,0.38,357.0
2023-07-25 17:00:00,0.0,18.6,0.31,232.0
2023-07-25 18:00:00,0.0,12.6,0.19,127.0
2023-07-25 19:00:00,0.0,11.1,0.1,23.0
2023-07-25 20:00:00,0.0,11.9,0.08,0.0
2023-07-25 21:00:00,0.0,14.9,0.08,0.0
2023-07-25 22:00:00,2.5,5.8,0.01,0.0
2023-07-25 23:00:00,4.6,8.9,0.0,0.0
2023-07-26 00:00:00,0.0,4.7,0.01,0.0
2023-07-26 01:00:00,0.0,5.2,0.0,0.0
2023-07-26 02:00:00,0.0,7.4,0.0,0.0
2023-07-26 03:00:00,0.0,9.1,0.04,0.0
2023-07-26 04:00:00,0.4,4.7,0.02,0.0
2023-07-26 05:00:00,0.0,5.1,0.04,37.0
2023-07-26 06:00:00,0.0,10.2,0.15,169.0
2023-07-26 07:00:00,0.0,4.2,0.2,306.0
2023-07-26 08:00:00,0.0,5.6,0.32,483.0
2023-07-26 09:00:00,0.0,4.7,0.44,648.0
2023-07-26 10:00:00,0.0,4.9,0.52,764.0
2023-07-26 11:00:00,0.0,5.9,0.58,815.0
2023-07-26 12:00:00,0.1,1.9,0.58,821.0
2023-07-26 13:00:00,0.0,4.1,0.55,754.0
2023-07-26 14:00:00,0.0,7.9,0.56,725.0
2023-07-26 15:00:00,0.0,10.4,0.52,646.0
2023-07-26 16:00:00,0.0,11.8,0.43,487.0
2023-07-26 17:00:00,0.0,15.6,0.35,308.0
2023-07-26 18:00:00,0.0,11.2,0.2,145.0
2023-07-26 19:00:00,0.0,6.4,0.07,24.0
2023-07-26 20:00:00,0.0,7.5,0.05,0.0
2023-07-26 21:00:00,0.0,8.9,0.05,0.0
2023-07-26 22:00:00,0.0,9.8,0.05,0.0
2023-07-26 23:00:00,0.0,8.4,0.03,0.0
2023-07-27 00:00:00,0.0,14.2,0.05,0.0
2023-07-27 01:00:00,0.0,12.1,0.03,0.0
2023-07-27 02:00:00,0.0,9.2,0.01,0.0
2023-07-27 03:00:00,0.0,10.6,0.01,0.0
2023-07-27 04:00:00,0.0,8.8,0.0,0.0
2023-07-27 05:00:00,0.0,7.3,0.02,36.0
2023-07-27 06:00:00,0.0,7.7,0.1,163.0
2023-07-27 07:00:00,0.0,9.2,0.2,326.0
2023-07-27 08:00:00,0.0,10.1,0.32,499.0
2023-07-27 09:00:00,0.0,9.0,0.43,648.0
2023-07-27 10:00:00,0.0,8.6,0.53,767.0
2023-07-27 11:00:00,0.0,7.6,0.6,837.0
2023-07-27 12:00:00,0.0,6.9,0.56,786.0
2023-07-27 13:00:00,0.0,4.0,0.53,731.0
2023-07-27 14:00:00,0.0,4.3,0.42,570.0
2023-07-27 15:00:00,0.0,4.7,0.36,478.0
2023-07-27 16:00:00,0.0,7.3,0.33,422.0
2023-07-27 17:00:00,0.0,12.6,0.27,296.0
2023-07-27 18:00:00,0.0,14.7,0.18,136.0
2023-07-27 19:00:00,0.0,4.7,0.04,22.0
2023-07-27 20:00:00,0.0,4.7,0.02,0.0
2023-07-27 21:00:00,0.0,2.3,0.0,0.0
2023-07-27 22:00:00,0.0,5.0,0.01,0.0
2023-07-27 23:00:00,0.0,3.9,0.0,0.0
2023-07-28 00:00:00,0.0,3.4,0.0,0.0
2023-07-28 01:00:00,0.0,4.7,0.0,0.0
2023-07-28 02:00:00,0.0,7.9,0.02,0.0
2023-07-28 03:00:00,0.0,9.2,0.03,0.0
2023-07-28 04:00:00,0.0,7.0,0.02,0.0
2023-07-28 05:00:00,0.0,7.3,0.04,29.0
2023-07-28 06:00:00,0.0,5.9,0.1,166.0
2023-07-28 07:00:00,0.0,7.4,0.2,288.0
2023-07-28 08:00:00,0.0,6.3,0.31,452.0
2023-07-28 09:00:00,0.0,6.0,0.45,640.0
2023-07-28 10:00:00,0.0,7.6,0.56,767.0
2023-07-28 11:00:00,0.0,9.0,0.63,807.0
2023-07-28 12:00:00,0.0,3.3,0.57,777.0
2023-07-28 13:00:00,0.0,10.1,0.56,691.0
2023-07-28 14:00:00,0.0,7.7,0.57,738.0
2023-07-28 15:00:00,0.0,9.5,0.48,587.0
2023-07-28 16:00:00,0.0,20.2,0.42,396.0
2023-07-28 17:00:00,0.0,23.0,0.28,179.0
2023-07-28 18:00:00,0.0,19.9,0.21,127.0
2023-07-28 19:00:00,0.0,18.9,0.13,19.0
2023-07-28 20:00:00,0.0,17.2,0.1,0.0
2023-07-28 21:00:00,0.0,16.2,0.08,0.0
2023-07-28 22:00:00,0.0,14.7,0.06,0.0
2023-07-28 23:00:00,0.0,12.3,0.05,0.0
2023-07-29 00:00:00,0.0,12.8,0.05,0.0
2023-07-29 01:00:00,0.0,10.9,0.03,0.0
2023-07-29 02:00:00,0.0,9.7,0.02,0.0
2023-07-29 03:00:00,0.0,8.5,0.02,0.0
2023-07-29 04:00:00,0.0,7.9,0.01,0.0
2023-07-29 05:00:00,0.0,1.3,0.01,32.0
2023-07-29 06:00:00,0.0,0.7,0.09,156.0
2023-07-29 07:00:00,0.0,2.3,0.21,322.0
2023-07-29 08:00:00,0.0,3.0,0.33,491.0
2023-07-29 09:00:00,0.0,0.8,0.45,645.0
2023-07-29 10:00:00,0.0,3.3,0.49,670.0
2023-07-29 11:00:00,0.0,5.0,0.54,702.0
2023-07-29 12:00:00,0.0,3.6,0.6,808.0
2023-07-29 13:00:00,0.0,5.0,0.56,723.0
2023-07-29 14:00:00,0.0,6.9,0.55,690.0
2023-07-29 15:00:00,0.0,13.6,0.51,554.0
2023-07-29 16:00:00,0.0,21.0,0.43,371.0
2023-07-29 17:00:00,0.0,21.4,0.34,248.0
2023-07-29 18:00:00,0.0,17.5,0.22,117.0
2023-07-29 19:00:00,0.0,17.9,0.15,19.0
2023-07-29 20:00:00,0.0,19.7,0.14,0.0
2023-07-29 21:00:00,0.0,18.6,0.12,0.0
2023-07-29 22:00:00,0.0,19.1,0.11,0.0
2023-07-29 23:00:00,0.0,19.7,0.11,0.0
2023-07-30 00:00:00,0.0,13.1,0.06,0.0
2023-07-30 01:00:00,0.0,10.2,0.03,0.0
2023-07-30 02:00:00,0.0,11.0,0.03,0.0
2023-07-30 03:00:00,0.0,8.3,0.02,0.0
2023-07-30 04:00:00,0.0,6.2,0.01,0.0
2023-07-30 05:00:00,0.0,5.9,0.03,31.0
2023-07-30 06:00:00,0.0,3.6,0.1,155.0
2023-07-30 07:00:00,0.0,4.9,0.21,319.0
2023-07-30 08:00:00,0.0,5.6,0.34,490.0
2023-07-30 09:00:00,0.0,5.3,0.46,643.0
2023-07-30 10:00:00,0.0,4.4,0.55,751.0
2023-07-30 11:00:00,0.0,3.4,0.59,798.0
2023-07-30 12:00:00,0.0,4.7,0.6,807.0
2023-07-30 13:00:00,0.0,4.4,0.56,730.0
2023-07-30 14:00:00,0.0,1.6,0.48,645.0
2023-07-30 15:00:00,0.0,1.0,0.4,538.0
2023-07-30 16:00:00,0.0,2.4,0.3,397.0
2023-07-30 17:00:00,0.0,2.5,0.2,260.0
2023-07-30 18:00:00,0.0,2.5,0.09,117.0
2023-07-30 19:00:00,0.0,7.1,0.07,18.0
2023-07-30 20:00:00,0.0,8.7,0.05,0.0
2023-07-30 21:00:00,0.0,5.4,0.02,0.0
2023-07-30 22:00:00,0.0,5.6,0.02,0.0
2023-07-30 23:00:00,0.0,5.1,0.01,0.0
2023-07-31 00:00:00,0.0,10.3,0.04,0.0
2023-07-31 01:00:00,0.0,8.0,0.03,0.0
2023-07-31 02:00:00,0.0,6.7,0.01,0.0
2023-07-31 03:00:00,0.0,5.6,0.0,0.0
2023-07-31 04:00:00,0.0,7.2,0.01,0.0
2023-07-31 05:00:00,0.0,8.3,0.03,29.0
2023-07-31 06:00:00,0.0,9.6,0.11,149.0
2023-07-31 07:00:00,0.0,11.9,0.22,290.0
2023-07-31 08:00:00,0.0,10.5,0.28,359.0
2023-07-31 09:00:00,0.0,10.2,0.39,506.0
2023-07-31 10:00:00,0.0,9.2,0.51,671.0
2023-07-31 11:00:00,0.0,9.5,0.6,772.0
2023-07-31 12:00:00,0.0,7.2,0.58,765.0
2023-07-31 13:00:00,0.0,5.1,0.5,641.0
2023-07-31 14:00:00,0.0,4.4,0.51,658.0
2023-07-31 15:00:00,0.0,4.6,0.44,573.0
2023-07-31 16:00:00,0.0,7.0,0.35,416.0
2023-07-31 17:00:00,0.0,7.4,0.24,261.0
2023-07-31 18:00:00,0.0,7.3,0.14,111.0
2023-07-31 19:00:00,0.0,6.5,0.06,15.0
2023-07-31 20:00:00,0.0,5.3,0.02,0.0
2023-07-31 21:00:00,0.0,1.8,0.0,0.0
2023-07-31 22:00:00,0.0,3.6,0.01,0.0
2023-07-31 23:00:00,0.0,3.3,0.0,0.0
2023-08-01 00:00:00,0.0,4.8,0.01,0.0
2023-08-01 01:00:00,0.0,6.6,0.03,0.0
2023-08-01 02:00:00,0.0,4.7,0.02,0.0
2023-08-01 03:00:00,0.0,5.4,0.03,0.0
2023-08-01 04:00:00,0.0,6.1,0.03,0.0
2023-08-01 05:00:00,0.0,8.0,0.06,25.0
2023-08-01 06:00:00,0.0,7.1,0.12,140.0
2023-08-01 07:00:00,0.0,9.8,0.21,223.0
2023-08-01 08:00:00,0.0,11.2,0.3,336.0
2023-08-01 09:00:00,0.0,12.6,0.45,556.0
2023-08-01 10:00:00,0.0,14.3,0.6,748.0
2023-08-01 11:00:00,0.0,20.4,0.69,818.0
2023-08-01 12:00:00,0.0,19.6,0.55,609.0
2023-08-01 13:00:00,0.0,18.6,0.64,757.0
2023-08-01 14:00:00,0.0,20.0,0.59,625.0
2023-08-01 15:00:00,0.0,20.1,0.54,556.0
2023-08-01 16:00:00,0.0,20.9,0.43,402.0
2023-08-01 17:00:00,0.0,17.9,0.29,220.0
2023-08-01 18:00:00,0.0,10.9,0.16,101.0
2023-08-01 19:00:00,0.0,8.9,0.08,16.0
2023-08-01 20:00:00,0.0,10.7,0.07,0.0
2023-08-01 21:00:00,0.0,12.5,0.08,0.0
2023-08-01 22:00:00,0.0,8.9,0.05,0.0
2023-08-01 23:00:00,0.0,4.4,0.01,0.0
2023-08-02 00:00:00,0.0,7.8,0.03,0.0
2023-08-02 01:00:00,0.0,5.9,0.01,0.0
2023-08-02 02:00:00,0.0,3.8,0.0,0.0
2023-08-02 03:00:00,0.0,13.7,0.04,0.0
2023-08-02 04:00:00,0.0,12.8,0.01,0.0
2023-08-02 05:00:00,0.0,14.5,0.03,26.0
2023-08-02 06:00:00,0.0,14.3,0.1,144.0
2023-08-02 07:00:00,0.0,12.6,0.21,304.0
2023-08-02 08:00:00,0.0,10.0,0.32,457.0
2023-08-02 09:00:00,0.0,9.0,0.43,591.0
2023-08-02 10:00:00,0.0,9.0,0.55,748.0
2023-08-02 11:00:00,0.0,8.1,0.61,821.0
2023-08-02 12:00:00,0.0,7.0,0.58,796.0
2023-08-02 13:00:00,0.0,1.5,0.55,739.0
2023-08-02 14:00:00,0.0,8.1,0.52,638.0
2023-08-02 15:00:00,0.0,17.8,0.54,559.0
2023-08-02 16:00:00,0.0,17.3,0.44,433.0
2023-08-02 17:00:00,0.0,13.6,0.3,277.0
2023-08-02 18:00:00,0.0,8.0,0.14,123.0
2023-08-02 19:00:00,0.0,6.6,0.06,16.0
2023-08-02 20:00:00,0.0,5.5,0.03,0.0
2023-08-02 21:00:00,0.0,8.3,0.05,0.0
2023-08-02 22:00:00,0.0,7.6,0.04,0.0
2023-08-02 23:00:00,0.0,5.2,0.02,0.0
2023-08-03 00:00:00,0.0,4.7,0.02,0.0
2023-08-03 01:00:00,0.0,6.3,0.02,0.0
2023-08-03 02:00:00,0.0,5.2,0.01,0.0
2023-08-03 03:00:00,0.0,6.9,0.03,0.0
2023-08-03 04:00:00,0.0,8.0,0.03,0.0
2023-08-03 05:00:00,0.0,7.4,0.04,24.0
2023-08-03 06:00:00,0.0,7.3,0.11,134.0
2023-08-03 07:00:00,0.0,11.8,0.23,268.0
2023-08-03 08:00:00,0.0,4.2,0.3,405.0
2023-08-03 09:00:00,0.0,5.9,0.41,535.0
2023-08-03 10:00:00,0.0,16.1,0.58,689.0
2023-08-03 11:00:00,0.0,18.1,0.58,687.0
2023-08-03 12:00:00,0.0,33.7,0.68,750.0
2023-08-03 13:00:00,0.0,30.2,0.56,586.0
2023-08-03 14:00:00,0.0,22.8,0.54,569.0
2023-08-03 15:00:00,0.0,22.9,0.41,366.0
2023-08-03 16:00:00,0.0,19.5,0.33,272.0
2023-08-03 17:00:00,0.0,17.9,0.29,239.0
2023-08-03 18:00:00,0.0,21.6,0.22,109.0
2023-08-03 19:00:00,0.0,21.1,0.18,11.0
2023-08-03 20:00:00,0.0,13.9,0.12,0.0
2023-08-03 21:00:00,0.0,5.9,0.04,0.0
2023-08-03 22:00:00,0.0,10.2,0.08,0.0
2023-08-03 23:00:00,0.0,6.0,0.04,0.0
2023-08-04 00:00:00,0.0,5.8,0.04,0.0
2023-08-04 01:00:00,0.0,5.7,0.03,0.0
2023-08-04 02:00:00,0.0,8.0,0.04,0.0
2023-08-04 03:00:00,0.0,6.4,0.02,0.0
2023-08-04 04:00:00,0.0,6.1,0.02,0.0
2023-08-04 05:00:00,0.0,3.4,0.02,25.0
2023-08-04 06:00:00,0.0,2.2,0.08,125.0
2023-08-04 07:00:00,0.0,1.1,0.15,221.0
2023-08-04 08:00:00,0.0,5.0,0.3,395.0
2023-08-04 09:00:00,0.0,4.1,0.41,559.0
2023-08-04 10:00:00,0.0,6.5,0.35,417.0
2023-08-04 11:00:00,0.0,7.6,0.35,377.0
2023-08-04 12:00:00,0.0,12.7,0.44,476.0
2023-08-04 13:00:00,0.0,9.2,0.49,587.0
2023-08-04 14:00:00,0.0,12.5,0.38,371.0
2023-08-04 15:00:00,0.0,11.2,0.26,186.0
2023-08-04 16:00:00,0.0,9.7,0.19,99.0
2023-08-04 17:00:00,0.0,7.4,0.14,57.0
2023-08-04 18:00:00,0.0,21.7,0.09,27.0
2023-08-04 19:00:00,0.0,4.8,0.02,7.0
2023-08-04 20:00:00,0.2,4.3,0.0,0.0
2023-08-04 21:00:00,1.4,7.7,0.0,0.0
2023-08-04 22:00:00,3.8,6.9,0.0,0.0
2023-08-04 23:00:00,2.3,7.4,0.0,0.0
2023-08-05 00:00:00,1.7,13.5,0.0,0.0
2023-08-05 01:00:00,0.9,6.9,0.0,0.0
2023-08-05 02:00:00,1.6,9.1,0.0,0.0
2023-08-05 03:00:00,3.1,9.2,0.0,0.0
2023-08-05 04:00:00,2.0,15.0,0.01,0.0
2023-08-05 05:00:00,1.4,3.2,0.02,4.0
2023-08-05 06:00:00,0.9,3.1,0.04,44.0
2023-08-05 07:00:00,0.1,6.5,0.05,46.0
2023-08-05 08:00:00,0.0,12.6,0.07,64.0
2023-08-05 09:00:00,0.0,13.9,0.22,328.0
2023-08-05 10:00:00,0.0,11.3,0.41,607.0
2023-08-05 11:00:00,0.0,11.2,0.52,760.0
2023-08-05 12:00:00,0.0,12.6,0.37,521.0
2023-08-05 13:00:00,0.0,8.1,0.49,713.0
2023-08-05 14:00:00,0.0,8.5,0.47,671.0
2023-08-05 15:00:00,0.0,11.5,0.4,529.0
2023-08-05 16:00:00,0.0,11.4,0.33,412.0
2023-08-05 17:00:00,0.0,11.9,0.22,238.0
2023-08-05 18:00:00,0.0,10.5,0.12,110.0
2023-08-05 19:00:00,0.0,11.3,0.07,12.0
2023-08-05 20:00:00,0.0,9.0,0.04,0.0
2023-08-05 21:00:00,0.0,8.3,0.03,0.0
2023-08-05 22:00:00,0.0,7.2,0.02,0.0
2023-08-05 23:00:00,0.0,5.9,0.01,0.0
2023-08-06 00:00:00,0.0,7.2,0.02,0.0
2023-08-06 01:00:00,0.0,7.1,0.03,0.0
2023-08-06 02:00:00,0.0,10.3,0.04,0.0
2023-08-06 03:00:00,0.0,10.0,0.03,0.0
2023-08-06 04:00:00,0.0,10.1,0.02,0.0
2023-08-06 05:00:00,0.0,10.2,0.05,21.0
2023-08-06 06:00:00,0.0,7.1,0.09,124.0
2023-08-06 07:00:00,0.0,6.9,0.2,307.0
2023-08-06 08:00:00,0.0,7.7,0.33,490.0
2023-08-06 09:00:00,0.0,7.5,0.44,648.0
2023-08-06 10:00:00,0.0,12.9,0.54,758.0
2023-08-06 11:00:00,0.0,21.3,0.67,802.0
2023-08-06 12:00:00,0.0,20.1,0.68,799.0
2023-08-06 13:00:00,0.0,22.3,0.72,856.0
2023-08-06 14:00:00,0.0,22.2,0.68,763.0
2023-08-06 15:00:00,0.0,21.6,0.6,637.0
2023-08-06 16:00:00,0.0,20.3,0.49,473.0
2023-08-06 17:00:00,0.0,14.2,0.32,293.0
2023-08-06 18:00:00,0.0,12.0,0.19,122.0
2023-08-06 19:00:00,0.0,13.9,0.15,12.0
2023-08-06 20:00:00,0.0,16.6,0.16,0.0
2023-08-06 21:00:00,0.0,17.1,0.16,0.0
2023-08-06 22:00:00,0.0,14.8,0.13,0.0
2023-08-06 23:00:00,0.0,11.0,0.08,0.0
2023-08-07 00:00:00,0.0,8.2,0.04,0.0
2023-08-07 01:00:00,0.0,7.1,0.01,0.0
2023-08-07 02:00:00,0.0,5.5,0.0,0.0
2023-08-07 03:00:00,0.0,9.4,0.03,0.0
2023-08-07 04:00:00,0.0,10.9,0.07,0.0
2023-08-07 05:00:00,0.0,12.4,0.1,22.0
2023-08-07 06:00:00,0.0,15.3,0.18,147.0
2023-08-07 07:00:00,0.0,15.6,0.27,323.0
2023-08-07 08:00:00,0.0,15.8,0.39,504.0
2023-08-07 09:00:00,0.0,17.1,0.5,663.0
2023-08-07 10:00:00,0.0,17.9,0.59,785.0
2023-08-07 11:00:00,0.0,16.8,0.65,861.0
2023-08-07 12:00:00,0.0,12.6,0.66,878.0
2023-08-07 13:00:00,0.0,13.1,0.64,837.0
2023-08-07 14:00:00,0.0,14.0,0.6,762.0
2023-08-07 15:00:00,0.0,15.5,0.53,632.0
2023-08-07 16:00:00,0.0,17.3,0.46,471.0
2023-08-07 17:00:00,0.0,18.9,0.35,291.0
2023-08-07 18:00:00,0.0,13.2,0.19,120.0
2023-08-07 19:00:00,0.0,7.8,0.08,11.0
2023-08-07 20:00:00,0.0,8.9,0.08,0.0
2023-08-07 21:00:00,0.0,9.5,0.08,0.0
2023-08-07 22:00:00,0.0,8.4,0.07,0.0
2023-08-07 23:00:00,0.0,8.9,0.06,0.0
2023-08-08 00:00:00,0.0,6.6,0.04,0.0
2023-08-08 01:00:00,0.0,4.7,0.02,0.0
2023-08-08 02:00:00,0.0,4.6,0.02,0.0
2023-08-08 03:00:00,0.0,6.8,0.03,0.0
2023-08-08 04:00:00,0.0,4.8,0.01,0.0
2023-08-08 05:00:00,0.0,5.8,0.03,20.0
2023-08-08 06:00:00,0.0,2.2,0.07,141.0
2023-08-08 07:00:00,0.0,1.5,0.17,313.0
2023-08-08 08:00:00,0.0,2.4,0.29,489.0
2023-08-08 09:00:00,0.0,2.9,0.41,643.0
2023-08-08 10:00:00,0.0,4.4,0.51,761.0
2023-08-08 11:00:00,0.0,5.2,0.58,835.0
2023-08-08 12:00:00,0.0,8.6,0.62,850.0
2023-08-08 13:00:00,0.0,8.0,0.59,790.0
2023-08-08 14:00:00,0.0,4.0,0.52,723.0
2023-08-08 15:00:00,0.0,2.6,0.41,582.0
2023-08-08 16:00:00,0.0,5.5,0.33,418.0
2023-08-08 17:00:00,0.0,7.4,0.23,253.0
2023-08-08 18:00:00,0.0,9.2,0.14,103.0
2023-08-08 19:00:00,0.0,7.8,0.08,9.0
2023-08-08 20:00:00,0.0,8.5,0.06,0.0
2023-08-08 21:00:00,0.0,5.4,0.03,0.0
2023-08-08 22:00:00,0.0,5.6,0.03,0.0
2023-08-08 23:00:00,0.0,5.4,0.02,0.0
2023-08-09 00:00:00,0.0,3.9,0.01,0.0
2023-08-09 01:00:00,0.0,3.4,0.01,0.0
2023-08-09 02:00:00,0.0,1.9,0.0,0.0
2023-08-09 03:00:00,0.0,6.6,0.03,0.0
2023-08-09 04:00:00,0.0,4.3,0.01,0.0
2023-08-09 05:00:00,0.0,6.8,0.04,19.0
2023-08-09 06:00:00,0.0,5.8,0.09,115.0
2023-08-09 07:00:00,0.0,3.7,0.15,221.0
2023-08-09 08:00:00,0.0,3.8,0.28,433.0
2023-08-09 09:00:00,0.0,3.4,0.39,591.0
2023-08-09 10:00:00,0.0,3.6,0.51,743.0
2023-08-09 11:00:00,0.0,3.2,0.57,819.0
2023-08-09 12:00:00,0.0,2.2,0.58,828.0
2023-08-09 13:00:00,0.0,3.4,0.56,777.0
2023-08-09 14:00:00,0.0,5.6,0.53,703.0
2023-08-09 15:00:00,0.0,5.5,0.42,554.0
2023-08-09 16:00:00,0.0,5.1,0.32,420.0
2023-08-09 17:00:00,0.0,3.7,0.19,259.0
2023-08-09 18:00:00,0.0,3.7,0.09,101.0
2023-08-09 19:00:00,0.0,8.2,0.07,9.0
2023-08-09 20:00:00,0.0,9.7,0.05,0.0
2023-08-09 21:00:00,0.0,5.9,0.03,0.0
2023-08-09 22:00:00,0.0,1.0,0.0,0.0
2023-08-09 23:00:00,0.0,5.5,0.02,0.0
2023-08-10 00:00:00,0.0,6.3,0.02,0.0
2023-08-10 01:00:00,0.0,8.7,0.01,0.0
2023-08-10 02:00:00,0.0,6.1,0.0,0.0
2023-08-10 03:00:00,0.0,8.4,0.0,0.0
2023-08-10 04:00:00,0.0,8.0,0.0,0.0
2023-08-10 05:00:00,0.0,4.0,0.01,17.0
2023-08-10 06:00:00,0.0,6.5,0.07,128.0
2023-08-10 07:00:00,0.0,8.1,0.18,292.0
2023-08-10 08:00:00,0.0,8.4,0.31,462.0
2023-08-10 09:00:00,0.0,9.7,0.43,615.0
2023-08-10 10:00:00,0.0,9.7,0.53,734.0
2023-08-10 11:00:00,0.0,7.9,0.6,808.0
2023-08-10 12:00:00,0.0,8.3,0.62,827.0
2023-08-10 13:00:00,0.0,8.7,0.62,804.0
2023-08-10 14:00:00,0.0,8.7,0.56,705.0
2023-08-10 15:00:00,0.0,8.8,0.48,587.0
2023-08-10 16:00:00,0.0,7.9,0.37,438.0
2023-08-10 17:00:00,0.0,8.5,0.25,249.0
2023-08-10 18:00:00,0.0,8.3,0.14,84.0
2023-08-10 19:00:00,0.0,11.0,0.11,7.0
2023-08-10 20:00:00,0.0,14.0,0.1,0.0
2023-08-10 21:00:00,0.0,11.9,0.08,0.0
2023-08-10 22:00:00,0.0,11.9,0.08,0.0
2023-08-10 23:00:00,0.0,12.6,0.07,0.0
2023-08-11 00:00:00,0.0,9.5,0.05,0.0
2023-08-11 01:00:00,0.0,5.5,0.02,0.0
2023-08-11 02:00:00,0.0,6.1,0.02,0.0
2023-08-11 03:00:00,0.0,5.5,0.01,0.0
2023-08-11 04:00:00,0.0,6.2,0.01,0.0
2023-08-11 05:00:00,0.0,7.9,0.03,16.0
2023-08-11 06:00:00,0.0,5.6,0.08,125.0
2023-08-11 07:00:00,0.0,6.4,0.19,288.0
2023-08-11 08:00:00,0.0,8.0,0.31,458.0
2023-08-11 09:00:00,0.0,9.0,0.44,610.0
2023-08-11 10:00:00,0.0,9.0,0.54,728.0
2023-08-11 11:00:00,0.0,8.8,0.61,801.0
2023-08-11 12:00:00,0.0,9.4,0.63,822.0
2023-08-11 13:00:00,0.0,9.0,0.61,787.0
2023-08-11 14:00:00,0.0,8.4,0.56,709.0
2023-08-11 15:00:00,0.0,9.4,0.48,582.0
2023-08-11 16:00:00,0.0,11.4,0.39,428.0
2023-08-11 17:00:00,0.0,12.1,0.27,257.0
2023-08-11 18:00:00,0.0,10.7,0.15,98.0
2023-08-11 19:00:00,0.0,8.4,0.07,7.0
2023-08-11 20:00:00,0.0,11.4,0.09,0.0
2023-08-11 21:00:00,0.0,11.2,0.08,0.0
2023-08-11 22:00:00,0.0,10.7,0.07,0.0
2023-08-11 23:00:00,0.0,9.2,0.05,0.0
2023-08-12 00:00:00,0.0,6.9,0.03,0.0
2023-08-12 01:00:00,0.0,5.4,0.01,0.0
2023-08-12 02:00:00,0.0,4.9,0.01,0.0
2023-08-12 03:00:00,0.0,6.5,0.01,0.0
2023-08-12 04:00:00,0.0,5.9,0.0,0.0
2023-08-12 05:00:00,0.0,6.2,0.02,15.0
2023-08-12 06:00:00,0.0,3.1,0.07,124.0
2023-08-12 07:00:00,0.0,2.2,0.17,287.0
2023-08-12 08:00:00,0.0,2.5,0.3,456.0
2023-08-12 09:00:00,0.0,2.9,0.42,608.0
2023-08-12 10:00:00,0.0,4.4,0.53,726.0
2023-08-12 11:00:00,0.0,4.8,0.6,796.0
2023-08-12 12:00:00,0.0,6.2,0.62,817.0
2023-08-12 13:00:00,0.0,6.2,0.6,778.0
2023-08-12 14:00:00,0.0,5.8,0.52,659.0
2023-08-12 15:00:00,0.0,5.4,0.44,552.0
2023-08-12 16:00:00,0.0,6.0,0.34,405.0
2023-08-12 17:00:00,0.0,5.8,0.22,246.0
2023-08-12 18:00:00,0.0,7.7,0.13,88.0
2023-08-12 19:00:00,0.0,12.1,0.12,6.0
2023-08-12 20:00:00,0.0,8.0,0.06,0.0
2023-08-12 21:00:00,0.0,9.8,0.07,0.0
2023-08-12 22:00:00,0.0,9.7,0.07,0.0
2023-08-12 23:00:00,0.0,5.2,0.02,0.0
2023-08-13 00:00:00,0.0,5.8,0.03,0.0
2023-08-13 01:00:00,0.0,5.1,0.02,0.0
2023-08-13 02:00:00,0.0,4.8,0.01,0.0
2023-08-13 03:00:00,0.0,3.6,0.01,0.0
2023-08-13 04:00:00,0.0,6.6,0.01,0.0
2023-08-13 05:00:00,0.0,5.5,0.03,14.0
2023-08-13 06:00:00,0.0,3.6,0.08,120.0
2023-08-13 07:00:00,0.0,3.8,0.19,281.0
2023-08-13 08:00:00,0.0,5.2,0.32,449.0
2023-08-13 09:00:00,0.0,6.5,0.45,600.0
2023-08-13 10:00:00,0.0,6.2,0.55,717.0
2023-08-13 11:00:00,0.0,5.8,0.61,789.0
2023-08-13 12:00:00,0.0,5.9,0.62,811.0
2023-08-13 13:00:00,0.0,5.8,0.6,772.0
2023-08-13 14:00:00,0.0,5.6,0.54,684.0
2023-08-13 15:00:00,0.0,6.1,0.45,555.0
2023-08-13 16:00:00,0.0,7.6,0.35,399.0
2023-08-13 17:00:00,0.0,8.6,0.25,239.0
2023-08-13 18:00:00,0.0,8.4,0.14,86.0
2023-08-13 19:00:00,0.0,9.7,0.1,5.0
2023-08-13 20:00:00,0.0,7.8,0.07,0.0
2023-08-13 21:00:00,0.0,9.2,0.07,0.0
2023-08-13 22:00:00,0.0,9.1,0.06,0.0
2023-08-13 23:00:00,0.0,6.9,0.04,0.0
2023-08-14 00:00:00,0.0,6.0,0.02,0.0
2023-08-14 01:00:00,0.0,4.3,0.01,0.0
2023-08-14 02:00:00,0.0,8.5,0.03,0.0
2023-08-14 03:00:00,0.0,3.1,0.0,0.0
2023-08-14 04:00:00,0.0,3.4,0.0,0.0
2023-08-14 05:00:00,0.0,5.5,0.01,13.0
2023-08-14 06:00:00,0.0,7.4,0.08,116.0
2023-08-14 07:00:00,0.0,7.9,0.2,278.0
2023-08-14 08:00:00,0.0,4.3,0.32,451.0
2023-08-14 09:00:00,0.0,2.5,0.43,606.0
2023-08-14 10:00:00,0.0,4.0,0.54,726.0
2023-08-14 11:00:00,0.0,6.1,0.63,802.0
2023-08-14 12:00:00,0.0,5.7,0.63,821.0
2023-08-14 13:00:00,0.0,10.3,0.54,626.0
2023-08-14 14:00:00,0.0,9.9,0.45,487.0
2023-08-14 15:00:00,0.0,7.0,0.39,446.0
2023-08-14 16:00:00,0.0,5.4,0.31,361.0
2023-08-14 17:00:00,0.0,7.3,0.23,222.0
2023-08-14 18:00:00,0.0,5.4,0.1,80.0
2023-08-14 19:00:00,0.0,7.2,0.08,4.0
2023-08-14 20:00:00,0.0,12.8,0.11,0.0
2023-08-14 21:00:00,0.0,9.0,0.08,0.0
2023-08-14 22:00:00,0.0,7.6,0.07,0.0
2023-08-14 23:00:00,0.0,6.8,0.05,0.0
2023-08-15 00:00:00,0.0,6.8,0.05,0.0
2023-08-15 01:00:00,0.0,6.1,0.04,0.0
2023-08-15 02:00:00,0.0,7.6,0.04,0.0
2023-08-15 03:00:00,0.0,4.0,0.01,0.0
2023-08-15 04:00:00,0.0,4.3,0.01,0.0
2023-08-15 05:00:00,0.0,4.6,0.02,12.0
2023-08-15 06:00:00,0.0,4.2,0.08,114.0
2023-08-15 07:00:00,0.0,6.0,0.2,272.0
2023-08-15 08:00:00,0.0,4.6,0.31,442.0
2023-08-15 09:00:00,0.0,2.2,0.42,595.0
2023-08-15 10:00:00,0.0,2.6,0.52,719.0
2023-08-15 11:00:00,0.0,3.1,0.59,794.0
2023-08-15 12:00:00,0.0,2.9,0.61,814.0
2023-08-15 13:00:00,0.0,1.6,0.56,747.0
2023-08-15 14:00:00,0.0,4.1,0.49,616.0
2023-08-15 15:00:00,0.0,3.4,0.35,434.0
2023-08-15 16:00:00,0.0,3.3,0.25,297.0
2023-08-15 17:00:00,0.0,4.2,0.18,195.0
2023-08-15 18:00:00,0.0,4.9,0.09,70.0
2023-08-15 19:00:00,0.0,4.1,0.04,4.0
2023-08-15 20:00:00,0.0,7.2,0.04,0.0
2023-08-15 21:00:00,0.0,5.5,0.03,0.0
2023-08-15 22:00:00,0.0,6.9,0.03,0.0
2023-08-15 23:00:00,0.0,8.3,0.04,0.0
2023-08-16 00:00:00,0.0,2.4,0.0,0.0
2023-08-16 01:00:00,0.6,5.8,0.0,0.0
2023-08-16 02:00:00,0.3,3.1,0.0,0.0
2023-08-16 03:00:00,0.0,4.3,0.0,0.0
2023-08-16 04:00:00,0.0,4.7,0.0,0.0
2023-08-16 05:00:00,0.0,1.6,0.0,11.0
2023-08-16 06:00:00,0.0,5.6,0.06,96.0
2023-08-16 07:00:00,0.0,5.8,0.15,228.0
2023-08-16 08:00:00,0.0,6.6,0.26,364.0
2023-08-16 09:00:00,0.0,4.5,0.39,539.0
2023-08-16 10:00:00,0.0,4.2,0.52,705.0
2023-08-16 11:00:00,0.0,5.2,0.6,787.0
2023-08-16 12:00:00,0.0,4.0,0.62,812.0
2023-08-16 13:00:00,0.0,5.5,0.55,691.0
2023-08-16 14:00:00,0.0,5.9,0.5,613.0
2023-08-16 15:00:00,0.0,5.1,0.4,494.0
2023-08-16 16:00:00,0.0,2.8,0.26,327.0
2023-08-16 17:00:00,0.0,5.4,0.18,178.0
2023-08-16 18:00:00,0.0,4.7,0.09,69.0
2023-08-16 19:00:00,0.0,7.3,0.06,3.0
2023-08-16 20:00:00,0.0,2.5,0.01,0.0
2023-08-16 21:00:00,0.0,3.6,0.01,0.0
2023-08-16 22:00:00,0.0,3.6,0.01,0.0
2023-08-16 23:00:00,0.0,5.6,0.01,0.0
2023-08-17 00:00:00,0.0,21.7,0.09,0.0
2023-08-17 01:00:00,1.0,18.0,0.04,0.0
2023-08-17 02:00:00,0.1,8.1,0.01,0.0
2023-08-17 03:00:00,0.1,12.6,0.01,0.0
2023-08-17 04:00:00,0.0,4.0,0.0,0.0
2023-08-17 05:00:00,0.0,4.4,0.01,9.0
2023-08-17 06:00:00,0.0,1.8,0.06,107.0
2023-08-17 07:00:00,0.0,3.3,0.17,264.0
2023-08-17 08:00:00,0.0,6.3,0.3,430.0
2023-08-17 09:00:00,0.0,5.6,0.42,587.0
2023-08-17 10:00:00,0.0,4.1,0.51,695.0
2023-08-17 11:00:00,0.0,3.1,0.53,703.0
2023-08-17 12:00:00,0.1,8.4,0.53,657.0
2023-08-17 13:00:00,0.7,25.1,0.42,636.0
2023-08-17 14:00:00,0.0,1.3,0.12,138.0
2023-08-17 15:00:00,0.0,4.8,0.25,322.0
2023-08-17 16:00:00,0.0,7.9,0.23,283.0
2023-08-17 17:00:00,0.0,5.0,0.14,172.0
2023-08-17 18:00:00,0.0,6.8,0.08,65.0
2023-08-17 19:00:00,0.0,4.0,0.01,3.0
2023-08-17 20:00:00,0.0,4.0,0.0,0.0
2023-08-17 21:00:00,0.0,4.5,0.0,0.0
2023-08-17 22:00:00,0.0,5.1,0.0,0.0
2023-08-17 23:00:00,0.0,5.6,0.0,0.0
2023-08-18 00:00:00,0.0,3.6,0.0,0.0
2023-08-18 01:00:00,0.0,5.8,0.01,0.0
2023-08-18 02:00:00,0.0,3.1,0.0,0.0
2023-08-18 03:00:00,0.0,5.1,0.0,0.0
2023-08-18 04:00:00,0.0,3.8,0.0,0.0
2023-08-18 05:00:00,0.0,3.8,0.01,10.0
2023-08-18 06:00:00,0.0,3.9,0.07,108.0
2023-08-18 07:00:00,0.0,3.0,0.18,269.0
2023-08-18 08:00:00,0.0,4.0,0.31,439.0
2023-08-18 09:00:00,0.0,5.0,0.44,590.0
2023-08-18 10:00:00,0.0,4.0,0.53,707.0
2023-08-18 11:00:00,0.0,1.8,0.58,781.0
2023-08-18 12:00:00,0.0,2.9,0.6,801.0
2023-08-18 13:00:00,0.0,8.5,0.6,746.0
2023-08-18 14:00:00,0.0,7.4,0.51,624.0
2023-08-18 15:00:00,0.0,1.8,0.37,492.0
2023-08-18 16:00:00,0.0,10.0,0.34,364.0
2023-08-18 17:00:00,0.0,10.9,0.24,206.0
2023-08-18 18:00:00,0.0,9.3,0.12,75.0
2023-08-18 19:00:00,0.0,9.8,0.08,2.0
2023-08-18 20:00:00,0.0,8.7,0.06,0.0
2023-08-18 21:00:00,0.0,6.4,0.03,0.0
2023-08-18 22:00:00,0.0,5.4,0.02,0.0
2023-08-18 23:00:00,0.0,6.1,0.01,0.0
2023-08-19 00:00:00,0.0,4.6,0.01,0.0
2023-08-19 01:00:00,0.0,6.3,0.01,0.0
2023-08-19 02:00:00,0.0,4.5,0.0,0.0
2023-08-19 03:00:00,0.0,3.2,0.0,0.0
2023-08-19 04:00:00,0.0,0.8,0.0,0.0
2023-08-19 05:00:00,0.0,1.5,0.0,9.0
2023-08-19 06:00:00,0.0,1.9,0.06,108.0
2023-08-19 07:00:00,0.0,1.8,0.17,269.0
2023-08-19 08:00:00,0.0,1.9,0.3,439.0
2023-08-19 09:00:00,0.0,3.8,0.43,592.0
2023-08-19 10:00:00,0.0,3.8,0.54,710.0
2023-08-19 11:00:00,0.0,3.4,0.6,783.0
2023-08-19 12:00:00,0.0,4.0,0.62,804.0
2023-08-19 13:00:00,0.0,3.6,0.6,769.0
2023-08-19 14:00:00,0.0,4.0,0.54,685.0
2023-08-19 15:00:00,0.0,5.4,0.45,556.0
2023-08-19 16:00:00,0.0,6.5,0.34,394.0
2023-08-19 17:00:00,0.0,7.9,0.23,217.0
2023-08-19 18:00:00,0.0,7.4,0.12,73.0
2023-08-19 19:00:00,0.0,7.6,0.07,2.0
2023-08-19 20:00:00,0.0,6.0,0.04,0.0
2023-08-19 21:00:00,0.0,6.4,0.04,0.0
2023-08-19 22:00:00,0.0,8.6,0.06,0.0
2023-08-19 23:00:00,0.0,6.5,0.03,0.0
2023-08-20 00:00:00,0.0,6.7,0.03,0.0
2023-08-20 01:00:00,0.0,5.7,0.02,0.0
2023-08-20 02:00:00,0.0,7.2,0.02,0.0
2023-08-20 03:00:00,0.0,7.6,0.02,0.0
2023-08-20 04:00:00,0.0,7.3,0.01,0.0
2023-08-20 05:00:00,0.0,4.7,0.02,8.0
2023-08-20 06:00:00,0.0,2.9,0.07,104.0
2023-08-20 07:00:00,0.0,2.5,0.17,265.0
2023-08-20 08:00:00,0.0,5.8,0.32,434.0
2023-08-20 09:00:00,0.0,8.3,0.46,585.0
2023-08-20 10:00:00,0.0,9.4,0.57,701.0
2023-08-20 11:00:00,0.0,8.3,0.63,772.0
2023-08-20 12:00:00,0.0,10.1,0.66,792.0
2023-08-20 13:00:00,0.0,10.4,0.64,749.0
2023-08-20 14:00:00,0.0,12.7,0.59,660.0
2023-08-20 15:00:00,0.0,13.5,0.51,528.0
2023-08-20 16:00:00,0.0,13.6,0.4,377.0
2023-08-20 17:00:00,0.0,13.4,0.28,213.0
2023-08-20 18:00:00,0.0,11.4,0.16,67.0
2023-08-20 19:00:00,0.0,13.5,0.15,1.0
2023-08-20 20:00:00,0.0,11.5,0.1,0.0
2023-08-20 21:00:00,0.0,7.3,0.06,0.0
2023-08-20 22:00:00,0.0,6.1,0.04,0.0
2023-08-20 23:00:00,0.0,5.7,0.03,0.0
2023-08-21 00:00:00,0.0,7.5,0.04,0.0
2023-08-21 01:00:00,0.0,6.2,0.03,0.0
2023-08-21 02:00:00,0.0,2.3,0.0,0.0
2023-08-21 03:00:00,0.0,2.2,0.0,0.0
2023-08-21 04:00:00,0.0,3.0,0.0,0.0
2023-08-21 05:00:00,0.0,2.4,0.01,8.0
2023-08-21 06:00:00,0.0,4.1,0.08,102.0
2023-08-21 07:00:00,0.0,2.7,0.18,263.0
2023-08-21 08:00:00,0.0,2.5,0.31,433.0
2023-08-21 09:00:00,0.0,3.9,0.44,585.0
2023-08-21 10:00:00,0.0,6.6,0.56,704.0
2023-08-21 11:00:00,0.0,8.7,0.64,776.0
2023-08-21 12:00:00,0.0,10.4,0.66,796.0
2023-08-21 13:00:00,0.0,9.4,0.64,758.0
2023-08-21 14:00:00,0.0,8.7,0.57,669.0
2023-08-21 15:00:00,0.0,8.9,0.48,537.0
2023-08-21 16:00:00,0.0,8.2,0.36,385.0
2023-08-21 17:00:00,0.0,7.7,0.23,217.0
2023-08-21 18:00:00,0.0,8.1,0.12,67.0
2023-08-21 19:00:00,0.0,8.0,0.08,1.0
2023-08-21 20:00:00,0.0,7.5,0.06,0.0
2023-08-21 21:00:00,0.0,7.4,0.05,0.0
2023-08-21 22:00:00,0.0,6.5,0.04,0.0
2023-08-21 23:00:00,0.0,5.8,0.03,0.0
2023-08-22 00:00:00,0.0,5.4,0.03,0.0
2023-08-22 01:00:00,0.0,6.4,0.03,0.0
2023-08-22 02:00:00,0.0,3.8,0.01,0.0
2023-08-22 03:00:00,0.0,2.7,0.0,0.0
2023-08-22 04:00:00,0.0,4.3,0.01,0.0
2023-08-22 05:00:00,0.0,5.1,0.03,7.0
2023-08-22 06:00:00,0.0,3.6,0.07,101.0
2023-08-22 07:00:00,0.0,0.4,0.16,261.0
2023-08-22 08:00:00,0.0,1.1,0.3,431.0
2023-08-22 09:00:00,0.0,3.0,0.44,583.0
2023-08-22 10:00:00,0.0,3.9,0.54,701.0
2023-08-22 11:00:00,0.0,4.0,0.61,772.0
2023-08-22 12:00:00,0.0,7.4,0.65,792.0
2023-08-22 13:00:00,0.0,8.1,0.64,756.0
2023-08-22 14:00:00,0.0,8.3,0.58,673.0
2023-08-22 15:00:00,0.0,9.0,0.48,531.0
2023-08-22 16:00:00,0.0,9.9,0.35,333.0
2023-08-22 17:00:00,0.0,7.9,0.22,195.0
2023-08-22 18:00:00,0.0,6.1,0.1,61.0
2023-08-22 19:00:00,0.0,6.1,0.05,1.0
2023-08-22 20:00:00,0.0,6.1,0.05,0.0
2023-08-22 21:00:00,0.0,5.8,0.04,0.0
2023-08-22 22:00:00,0.0,6.0,0.03,0.0
2023-08-22 23:00:00,0.0,3.3,0.0,0.0
2023-08-23 00:00:00,0.0,4.7,0.01,0.0
2023-08-23 01:00:00,0.0,3.2,0.0,0.0
2023-08-23 02:00:00,0.0,3.3,0.0,0.0
2023-08-23 03:00:00,0.0,3.4,0.0,0.0
2023-08-23 04:00:00,0.0,3.8,0.01,0.0
2023-08-23 05:00:00,0.0,3.2,0.01,6.0
2023-08-23 06:00:00,0.0,4.6,0.07,99.0
2023-08-23 07:00:00,0.0,3.9,0.18,262.0
2023-08-23 08:00:00,0.0,2.3,0.3,433.0
2023-08-23 09:00:00,0.0,3.0,0.44,586.0
2023-08-23 10:00:00,0.0,3.9,0.55,704.0
2023-08-23 11:00:00,0.0,3.8,0.61,777.0
2023-08-23 12:00:00,0.0,2.3,0.61,794.0
2023-08-23 13:00:00,0.0,5.0,0.61,742.0
2023-08-23 14:00:00,0.0,6.9,0.55,621.0
2023-08-23 15:00:00,0.0,8.1,0.46,488.0
2023-08-23 16:00:00,0.0,8.7,0.35,320.0
2023-08-23 17:00:00,0.0,8.0,0.23,192.0
2023-08-23 18:00:00,0.0,8.3,0.14,58.0
2023-08-23 19:00:00,0.0,9.7,0.08,1.0
2023-08-23 20:00:00,0.0,7.0,0.07,0.0
2023-08-23 21:00:00,0.0,7.1,0.07,0.0
2023-08-23 22:00:00,0.0,6.1,0.05,0.0
2023-08-23 23:00:00,0.0,4.7,0.03,0.0
2023-08-24 00:00:00,0.0,3.7,0.02,0.0
2023-08-24 01:00:00,0.0,1.6,0.0,0.0
2023-08-24 02:00:00,0.0,1.1,0.0,0.0
2023-08-24 03:00:00,0.0,3.0,0.0,0.0
2023-08-24 04:00:00,0.0,3.3,0.01,0.0
2023-08-24 05:00:00,0.0,4.3,0.02,6.0
2023-08-24 06:00:00,0.0,2.5,0.07,98.0
2023-08-24 07:00:00,0.0,1.8,0.17,261.0
2023-08-24 08:00:00,0.0,4.6,0.33,434.0
2023-08-24 09:00:00,0.0,6.3,0.47,588.0
2023-08-24 10:00:00,0.0,8.3,0.59,706.0
2023-08-24 11:00:00,0.0,8.7,0.66,778.0
2023-08-24 12:00:00,0.0,8.0,0.67,798.0
2023-08-24 13:00:00,0.0,8.3,0.65,758.0
2023-08-24 14:00:00,0.0,9.4,0.6,670.0
2023-08-24 15:00:00,0.0,8.7,0.5,536.0
2023-08-24 16:00:00,0.0,9.1,0.38,377.0
2023-08-24 17:00:00,0.0,8.3,0.24,202.0
2023-08-24 18:00:00,0.0,7.6,0.12,57.0
2023-08-24 19:00:00,0.0,7.5,0.1,0.0
2023-08-24 20:00:00,0.0,7.4,0.07,0.0
2023-08-24 21:00:00,0.0,8.1,0.07,0.0
2023-08-24 22:00:00,0.0,3.3,0.02,0.0
2023-08-24 23:00:00,0.0,3.5,0.01,0.0
2023-08-25 00:00:00,0.0,3.1,0.01,0.0
2023-08-25 01:00:00,0.0,1.1,0.0,0.0
2023-08-25 02:00:00,0.0,4.4,0.01,0.0
2023-08-25 03:00:00,0.0,3.9,0.01,0.0
2023-08-25 04:00:00,0.0,4.8,0.01,0.0
2023-08-25 05:00:00,0.0,5.1,0.03,5.0
2023-08-25 06:00:00,0.0,6.2,0.09,94.0
2023-08-25 07:00:00,0.0,4.1,0.18,253.0
2023-08-25 08:00:00,0.0,4.2,0.31,424.0
2023-08-25 09:00:00,0.0,5.5,0.45,578.0
2023-08-25 10:00:00,0.0,6.5,0.56,697.0
2023-08-25 11:00:00,0.0,5.8,0.62,768.0
2023-08-25 12:00:00,0.0,6.1,0.63,786.0
2023-08-25 13:00:00,0.0,8.5,0.64,746.0
2023-08-25 14:00:00,0.0,9.8,0.59,640.0
2023-08-25 15:00:00,0.0,9.5,0.5,504.0
2023-08-25 16:00:00,0.0,18.7,0.51,366.0
2023-08-25 17:00:00,0.0,23.3,0.43,194.0
2023-08-25 18:00:00,0.0,18.1,0.27,56.0
2023-08-25 19:00:00,0.0,11.2,0.17,0.0
2023-08-25 20:00:00,0.0,7.2,0.08,0.0
2023-08-25 21:00:00,0.0,6.5,0.06,0.0
2023-08-25 22:00:00,0.0,6.8,0.06,0.0
2023-08-25 23:00:00,0.0,5.1,0.05,0.0
2023-08-26 00:00:00,0.0,5.5,0.04,0.0
2023-08-26 01:00:00,0.0,5.3,0.04,0.0
2023-08-26 02:00:00,0.0,6.7,0.05,0.0
2023-08-26 03:00:00,0.0,6.1,0.04,0.0
2023-08-26 04:00:00,0.0,8.1,0.06,0.0
2023-08-26 05:00:00,0.0,10.3,0.07,5.0
2023-08-26 06:00:00,0.0,11.8,0.13,88.0
2023-08-26 07:00:00,0.0,9.9,0.23,251.0
2023-08-26 08:00:00,0.0,11.9,0.37,422.0
2023-08-26 09:00:00,0.0,12.7,0.48,558.0
2023-08-26 10:00:00,0.0,8.6,0.48,568.0
2023-08-26 11:00:00,0.0,13.4,0.55,578.0
2023-08-26 12:00:00,0.0,10.5,0.58,648.0
2023-08-26 13:00:00,0.0,15.8,0.67,719.0
2023-08-26 14:00:00,0.0,9.6,0.54,618.0
2023-08-26 15:00:00,0.1,11.8,0.37,336.0
2023-08-26 16:00:00,0.0,15.8,0.38,334.0
2023-08-26 17:00:00,0.0,13.2,0.25,191.0
2023-08-26 18:00:00,0.0,12.6,0.15,50.0
2023-08-26 19:00:00,0.0,10.9,0.11,0.0
2023-08-26 20:00:00,0.0,15.8,0.07,0.0
2023-08-26 21:00:00,0.0,16.3,0.06,0.0
2023-08-26 22:00:00,0.0,11.4,0.03,0.0
2023-08-26 23:00:00,0.0,6.5,0.01,0.0
2023-08-27 00:00:00,0.0,7.7,0.03,0.0
2023-08-27 01:00:00,0.0,5.6,0.03,0.0
2023-08-27 02:00:00,0.2,18.2,0.04,0.0
2023-08-27 03:00:00,0.0,13.5,0.03,0.0
2023-08-27 04:00:00,0.0,9.8,0.02,0.0
2023-08-27 05:00:00,0.0,5.8,0.04,1.0
2023-08-27 06:00:00,0.0,10.5,0.08,14.0
2023-08-27 07:00:00,0.0,8.2,0.11,74.0
2023-08-27 08:00:00,0.8,5.8,0.15,168.0
2023-08-27 09:00:00,0.0,9.6,0.13,128.0
2023-08-27 10:00:00,0.0,8.4,0.13,102.0
2023-08-27 11:00:00,0.0,10.5,0.21,184.0
2023-08-27 12:00:00,0.0,7.2,0.24,311.0
2023-08-27 13:00:00,0.1,5.9,0.13,124.0
2023-08-27 14:00:00,0.0,7.2,0.2,208.0
2023-08-27 15:00:00,0.0,9.1,0.18,166.0
2023-08-27 16:00:00,0.0,9.7,0.2,229.0
2023-08-27 17:00:00,0.0,10.9,0.16,169.0
2023-08-27 18:00:00,0.0,4.1,0.04,36.0
2023-08-27 19:00:00,0.0,1.5,0.02,0.0
2023-08-27 20:00:00,0.6,7.6,0.02,0.0
2023-08-27 21:00:00,0.7,13.2,0.01,0.0
2023-08-27 22:00:00,0.2,3.4,0.0,0.0
2023-08-27 23:00:00,3.2,7.2,0.0,0.0
2023-08-28 00:00:00,2.2,11.2,0.0,0.0
2023-08-28 01:00:00,3.2,20.2,0.0,0.0
2023-08-28 02:00:00,10.6,20.9,0.0,0.0
2023-08-28 03:00:00,1.1,18.0,0.0,0.0
2023-08-28 04:00:00,1.2,15.8,0.0,0.0
2023-08-28 05:00:00,3.1,22.0,0.03,1.0
2023-08-28 06:00:00,2.5,13.9,0.04,59.0
2023-08-28 07:00:00,0.2,9.4,0.08,114.0
2023-08-28 08:00:00,0.0,6.3,0.24,391.0
2023-08-28 09:00:00,0.1,5.8,0.35,515.0
2023-08-28 10:00:00,0.1,13.6,0.4,545.0
2023-08-28 11:00:00,0.1,12.6,0.4,495.0
2023-08-28 12:00:00,0.0,11.4,0.36,575.0
2023-08-28 13:00:00,7.6,19.1,0.32,513.0
2023-08-28 14:00:00,3.2,14.0,0.15,208.0
2023-08-28 15:00:00,1.9,9.1,0.14,184.0
2023-08-28 16:00:00,0.1,10.8,0.16,215.0
2023-08-28 17:00:00,0.0,13.7,0.12,151.0
2023-08-28 18:00:00,0.0,13.0,0.05,32.0
2023-08-28 19:00:00,0.0,12.0,0.03,0.0
2023-08-28 20:00:00,0.0,12.8,0.03,0.0
2023-08-28 21:00:00,0.0,12.4,0.04,0.0
2023-08-28 22:00:00,0.0,15.0,0.05,0.0
2023-08-28 23:00:00,0.0,14.7,0.05,0.0
2023-08-29 00:00:00,0.0,7.1,0.0,0.0
2023-08-29 01:00:00,0.3,12.7,0.0,0.0
2023-08-29 02:00:00,1.2,10.2,0.0,0.0
2023-08-29 03:00:00,1.0,12.0,0.0,0.0
2023-08-29 04:00:00,2.6,15.0,0.0,0.0
2023-08-29 05:00:00,0.8,10.3,0.01,2.0
2023-08-29 06:00:00,0.2,10.1,0.04,50.0
2023-08-29 07:00:00,0.0,8.2,0.1,143.0
2023-08-29 08:00:00,0.1,9.3,0.2,328.0
2023-08-29 09:00:00,0.1,5.4,0.32,530.0
2023-08-29 10:00:00,0.0,3.8,0.34,540.0
2023-08-29 11:00:00,0.1,10.5,0.3,445.0
2023-08-29 12:00:00,0.0,9.3,0.25,355.0
2023-08-29 13:00:00,0.0,4.0,0.35,531.0
2023-08-29 14:00:00,0.0,4.7,0.27,386.0
2023-08-29 15:00:00,1.3,12.9,0.18,318.0
2023-08-29 16:00:00,2.3,4.3,0.07,100.0
2023-08-29 17:00:00,0.0,7.4,0.06,67.0
2023-08-29 18:00:00,0.7,5.1,0.03,10.0
2023-08-29 19:00:00,0.8,4.3,0.0,0.0
2023-08-29 20:00:00,0.2,9.4,0.01,0.0
2023-08-29 21:00:00,0.0,12.1,0.02,0.0
2023-08-29 22:00:00,0.0,10.4,0.02,0.0
2023-08-29 23:00:00,0.0,6.9,0.01,0.0
2023-08-30 00:00:00,0.0,9.2,0.01,0.0
2023-08-30 01:00:00,0.0,8.3,0.01,0.0
2023-08-30 02:00:00,0.0,4.0,0.0,0.0
2023-08-30 03:00:00,0.0,3.9,0.0,0.0
2023-08-30 04:00:00,0.0,3.4,0.0,0.0
2023-08-30 05:00:00,0.0,3.5,0.01,2.0
2023-08-30 06:00:00,0.0,6.4,0.05,73.0
2023-08-30 07:00:00,0.0,3.1,0.12,217.0
2023-08-30 08:00:00,0.0,2.6,0.23,375.0
2023-08-30 09:00:00,0.0,5.8,0.35,534.0
2023-08-30 10:00:00,0.0,6.5,0.46,692.0
2023-08-30 11:00:00,0.0,5.5,0.51,766.0
2023-08-30 12:00:00,0.0,1.4,0.51,768.0
2023-08-30 13:00:00,0.0,3.3,0.46,680.0
2023-08-30 14:00:00,0.0,2.2,0.37,555.0
2023-08-30 15:00:00,0.0,4.3,0.3,428.0
2023-08-30 16:00:00,0.0,7.2,0.23,298.0
2023-08-30 17:00:00,0.0,6.9,0.14,168.0
2023-08-30 18:00:00,0.0,11.3,0.07,36.0
2023-08-30 19:00:00,0.0,11.5,0.04,0.0
2023-08-30 20:00:00,0.0,7.6,0.01,0.0
2023-08-30 21:00:00,0.0,5.4,0.0,0.0
2023-08-30 22:00:00,0.0,5.5,0.0,0.0
2023-08-30 23:00:00,0.0,5.1,0.0,0.0
2023-08-31 00:00:00,0.0,10.5,0.02,0.0
2023-08-31 01:00:00,0.0,12.1,0.02,0.0
2023-08-31 02:00:00,0.0,9.2,0.01,0.0
2023-08-31 03:00:00,0.0,6.3,0.0,0.0
2023-08-31 04:00:00,0.0,6.6,0.0,0.0
2023-08-31 05:00:00,0.0,8.0,0.01,2.0
2023-08-31 06:00:00,0.0,8.4,0.05,78.0
2023-08-31 07:00:00,0.0,5.1,0.13,220.0
2023-08-31 08:00:00,0.0,2.4,0.24,390.0
2023-08-31 09:00:00,0.0,2.6,0.36,554.0
2023-08-31 10:00:00,0.0,5.1,0.44,669.0
2023-08-31 11:00:00,0.0,6.9,0.48,692.0
2023-08-31 12:00:00,1.2,4.9,0.33,462.0
2023-08-31 13:00:00,0.7,7.0,0.24,343.0
2023-08-31 14:00:00,0.0,4.6,0.33,493.0
2023-08-31 15:00:00,0.0,2.9,0.28,409.0
2023-08-31 16:00:00,0.0,7.6,0.23,292.0
2023-08-31 17:00:00,0.0,7.4,0.14,149.0
2023-08-31 18:00:00,0.0,13.1,0.1,30.0
2023-08-31 19:00:00,0.0,15.3,0.08,0.0
2023-08-31 20:00:00,0.0,12.0,0.05,0.0
2023-08-31 21:00:00,0.0,11.8,0.03,0.0
2023-08-31 22:00:00,0.0,11.0,0.02,0.0
2023-08-31 23:00:00,0.0,10.2,0.02,0.0
2023-09-01 00:00:00,0.0,12.3,0.03,0.0
2023-09-01 01:00:00,0.0,12.1,0.03,0.0
2023-09-01 02:00:00,0.0,11.4,0.03,0.0
2023-09-01 03:00:00,0.0,8.4,0.01,0.0
2023-09-01 04:00:00,0.0,6.5,0.0,0.0
2023-09-01 05:00:00,0.0,5.4,0.0,2.0
2023-09-01 06:00:00,0.0,4.5,0.04,78.0
2023-09-01 07:00:00,0.0,4.0,0.13,236.0
2023-09-01 08:00:00,0.0,3.2,0.25,407.0
2023-09-01 09:00:00,0.0,4.4,0.36,559.0
2023-09-01 10:00:00,0.0,5.0,0.45,672.0
2023-09-01 11:00:00,0.0,7.6,0.51,743.0
2023-09-01 12:00:00,0.0,7.1,0.51,723.0
2023-09-01 13:00:00,0.0,7.8,0.51,708.0
2023-09-01 14:00:00,0.0,4.2,0.44,620.0
2023-09-01 15:00:00,0.0,1.1,0.29,422.0
2023-09-01 16:00:00,0.0,0.5,0.2,314.0
2023-09-01 17:00:00,0.0,3.4,0.11,153.0
2023-09-01 18:00:00,0.0,5.0,0.04,33.0
2023-09-01 19:00:00,0.0,5.9,0.02,0.0
2023-09-01 20:00:00,0.0,9.6,0.04,0.0
2023-09-01 21:00:00,0.0,12.0,0.05,0.0
2023-09-01 22:00:00,0.0,10.9,0.04,0.0
2023-09-01 23:00:00,0.0,7.9,0.02,0.0
2023-09-02 00:00:00,0.0,7.2,0.01,0.0
2023-09-02 01:00:00,0.0,6.5,0.01,0.0
2023-09-02 02:00:00,0.0,6.5,0.0,0.0
2023-09-02 03:00:00,0.0,5.1,0.0,0.0
2023-09-02 04:00:00,0.0,4.7,0.0,0.0
2023-09-02 05:00:00,0.0,4.3,0.0,2.0
2023-09-02 06:00:00,0.0,5.8,0.04,72.0
2023-09-02 07:00:00,0.0,4.3,0.13,214.0
2023-09-02 08:00:00,0.0,5.1,0.25,397.0
2023-09-02 09:00:00,0.0,4.7,0.36,552.0
2023-09-02 10:00:00,0.0,4.6,0.46,673.0
2023-09-02 11:00:00,0.0,5.7,0.52,745.0
2023-09-02 12:00:00,0.0,6.6,0.54,753.0
2023-09-02 13:00:00,0.0,5.8,0.51,698.0
2023-09-02 14:00:00,0.0,6.4,0.44,594.0
2023-09-02 15:00:00,0.0,5.9,0.36,477.0
2023-09-02 16:00:00,0.0,3.0,0.23,324.0
2023-09-02 17:00:00,0.0,1.1,0.1,156.0
2023-09-02 18:00:00,0.0,1.5,0.02,31.0
2023-09-02 19:00:00,0.0,3.3,0.01,0.0
2023-09-02 20:00:00,0.0,3.6,0.01,0.0
2023-09-02 21:00:00,0.0,2.5,0.0,0.0
2023-09-02 22:00:00,0.0,1.6,0.0,0.0
2023-09-02 23:00:00,0.0,4.6,0.0,0.0
2023-09-03 00:00:00,0.0,5.5,0.0,0.0
2023-09-03 01:00:00,0.0,6.3,0.01,0.0
2023-09-03 02:00:00,0.0,6.0,0.01,0.0
2023-09-03 03:00:00,0.0,7.0,0.01,0.0
2023-09-03 04:00:00,0.0,5.2,0.0,0.0
2023-09-03 05:00:00,0.0,6.2,0.02,1.0
2023-09-03 06:00:00,0.0,8.4,0.06,73.0
2023-09-03 07:00:00,0.0,7.8,0.16,229.0
2023-09-03 08:00:00,0.0,8.0,0.28,388.0
2023-09-03 09:00:00,0.0,9.2,0.39,529.0
2023-09-03 10:00:00,0.0,10.7,0.5,655.0
2023-09-03 11:00:00,0.0,10.2,0.57,745.0
2023-09-03 12:00:00,0.0,10.9,0.59,765.0
2023-09-03 13:00:00,0.0,10.9,0.57,718.0
2023-09-03 14:00:00,0.0,10.5,0.52,626.0
2023-09-03 15:00:00,0.0,9.3,0.41,484.0
2023-09-03 16:00:00,0.0,9.0,0.29,315.0
2023-09-03 17:00:00,0.0,4.8,0.13,161.0
2023-09-03 18:00:00,0.0,6.1,0.06,29.0
2023-09-03 19:00:00,0.0,4.0,0.02,0.0
2023-09-03 20:00:00,0.0,6.5,0.03,0.0
2023-09-03 21:00:00,0.0,6.6,0.02,0.0
2023-09-03 22:00:00,0.0,5.4,0.02,0.0
2023-09-03 23:00:00,0.0,4.4,0.01,0.0
2023-09-04 00:00:00,0.0,5.5,0.02,0.0
2023-09-04 01:00:00,0.0,6.1,0.01,0.0
2023-09-04 02:00:00,0.0,5.2,0.0,0.0
2023-09-04 03:00:00,0.0,6.6,0.0,0.0
2023-09-04 04:00:00,0.0,6.6,0.0,0.0
2023-09-04 05:00:00,0.0,4.7,0.01,1.0
2023-09-04 06:00:00,0.0,8.5,0.04,55.0
2023-09-04 07:00:00,0.0,6.9,0.11,168.0
2023-09-04 08:00:00,0.0,9.0,0.22,319.0
2023-09-04 09:00:00,0.0,14.4,0.38,515.0
2023-09-04 10:00:00,0.0,17.5,0.5,629.0
2023-09-04 11:00:00,0.0,17.5,0.58,726.0
2023-09-04 12:00:00,0.0,16.4,0.58,749.0
2023-09-04 13:00:00,0.0,15.1,0.53,648.0
2023-09-04 14:00:00,0.0,13.7,0.49,584.0
2023-09-04 15:00:00,0.0,12.1,0.41,484.0
2023-09-04 16:00:00,0.0,13.8,0.32,324.0
2023-09-04 17:00:00,0.0,15.1,0.21,154.0
2023-09-04 18:00:00,0.0,13.9,0.12,26.0
2023-09-04 19:00:00,0.0,14.0,0.1,0.0
2023-09-04 20:00:00,0.0,12.9,0.08,0.0
2023-09-04 21:00:00,0.0,12.2,0.07,0.0
2023-09-04 22:00:00,0.0,10.3,0.05,0.0
2023-09-04 23:00:00,0.0,9.5,0.05,0.0
2023-09-05 00:00:00,0.0,10.0,0.06,0.0
2023-09-05 01:00:00,0.0,9.0,0.05,0.0
2023-09-05 02:00:00,0.0,10.1,0.06,0.0
2023-09-05 03:00:00,0.0,8.0,0.03,0.0
2023-09-05 04:00:00,0.0,7.1,0.02,0.0
2023-09-05 05:00:00,0.0,6.5,0.03,1.0
2023-09-05 06:00:00,0.0,5.4,0.05,41.0
2023-09-05 07:00:00,0.0,6.6,0.12,140.0
2023-09-05 08:00:00,0.0,9.7,0.23,305.0
2023-09-05 09:00:00,0.0,11.9,0.36,480.0
2023-09-05 10:00:00,0.0,14.3,0.5,666.0
2023-09-05 11:00:00,0.0,16.2,0.51,629.0
2023-09-05 12:00:00,0.0,17.7,0.5,648.0
2023-09-05 13:00:00,0.0,15.6,0.53,687.0
2023-09-05 14:00:00,0.0,17.1,0.51,624.0
2023-09-05 15:00:00,0.0,16.1,0.43,494.0
2023-09-05 16:00:00,0.0,17.9,0.35,335.0
2023-09-05 17:00:00,0.0,13.0,0.2,160.0
2023-09-05 18:00:00,0.0,7.6,0.07,26.0
2023-09-05 19:00:00,0.0,9.0,0.07,0.0
2023-09-05 20:00:00,0.0,7.1,0.04,0.0
2023-09-05 21:00:00,0.0,5.4,0.03,0.0
2023-09-05 22:00:00,0.0,2.9,0.0,0.0
2023-09-05 23:00:00,0.0,6.3,0.02,0.0
2023-09-06 00:00:00,0.0,5.4,0.01,0.0
2023-09-06 01:00:00,0.0,4.8,0.01,0.0
2023-09-06 02:00:00,0.0,4.9,0.01,0.0
2023-09-06 03:00:00,0.0,4.1,0.0,0.0
2023-09-06 04:00:00,0.0,3.8,0.0,0.0
2023-09-06 05:00:00,0.0,3.9,0.0,1.0
2023-09-06 06:00:00,0.0,4.5,0.04,68.0
2023-09-06 07:00:00,0.0,2.3,0.13,226.0
2023-09-06 08:00:00,0.0,4.4,0.26,399.0
2023-09-06 09:00:00,0.0,7.8,0.38,554.0
2023-09-06 10:00:00,0.0,9.4,0.47,671.0
2023-09-06 11:00:00,0.0,8.4,0.53,741.0
2023-09-06 12:00:00,0.0,7.7,0.54,757.0
2023-09-06 13:00:00,0.0,9.1,0.52,715.0
2023-09-06 14:00:00,0.0,8.7,0.46,623.0
2023-09-06 15:00:00,0.0,8.0,0.37,488.0
2023-09-06 16:00:00,0.0,7.4,0.26,323.0
2023-09-06 17:00:00,0.0,5.0,0.12,151.0
2023-09-06 18:00:00,0.0,8.7,0.06,23.0
2023-09-06 19:00:00,0.0,8.9,0.04,0.0
2023-09-06 20:00:00,0.0,5.0,0.02,0.0
2023-09-06 21:00:00,0.0,3.6,0.01,0.0
2023-09-06 22:00:00,0.0,4.2,0.01,0.0
2023-09-06 23:00:00,0.0,3.3,0.0,0.0
2023-09-07 00:00:00,0.0,4.0,0.0,0.0
2023-09-07 01:00:00,0.0,3.4,0.0,0.0
2023-09-07 02:00:00,0.0,0.8,0.0,0.0
2023-09-07 03:00:00,0.0,3.3,0.0,0.0
2023-09-07 04:00:00,0.0,3.3,0.0,0.0
2023-09-07 05:00:00,0.0,2.9,0.0,1.0
2023-09-07 06:00:00,0.0,3.6,0.04,64.0
2023-09-07 07:00:00,0.0,1.6,0.12,220.0
2023-09-07 08:00:00,0.0,2.3,0.24,393.0
2023-09-07 09:00:00,0.0,7.6,0.38,550.0
2023-09-07 10:00:00,0.0,9.5,0.48,669.0
2023-09-07 11:00:00,0.0,10.9,0.55,741.0
2023-09-07 12:00:00,0.0,12.7,0.57,756.0
2023-09-07 13:00:00,0.0,13.0,0.53,679.0
2023-09-07 14:00:00,0.0,14.2,0.5,613.0
2023-09-07 15:00:00,0.0,14.8,0.43,482.0
2023-09-07 16:00:00,0.0,14.0,0.31,318.0
2023-09-07 17:00:00,0.0,12.7,0.2,147.0
2023-09-07 18:00:00,0.0,11.6,0.11,21.0
2023-09-07 19:00:00,0.0,10.1,0.07,0.0
2023-09-07 20:00:00,0.0,7.3,0.04,0.0
2023-09-07 21:00:00,0.0,8.0,0.03,0.0
2023-09-07 22:00:00,0.0,3.6,0.01,0.0
2023-09-07 23:00:00,0.0,1.9,0.0,0.0
2023-09-08 00:00:00,0.0,0.8,0.0,0.0
2023-09-08 01:00:00,0.0,2.1,0.0,0.0
2023-09-08 02:00:00,0.0,1.1,0.0,0.0
2023-09-08 03:00:00,0.0,2.1,0.0,0.0
2023-09-08 04:00:00,0.0,3.4,0.0,0.0
2023-09-08 05:00:00,0.0,4.3,0.02,0.0
2023-09-08 06:00:00,0.0,5.6,0.05,63.0
2023-09-08 07:00:00,0.0,3.1,0.13,219.0
2023-09-08 08:00:00,0.0,2.2,0.24,392.0
2023-09-08 09:00:00,0.0,3.6,0.37,546.0
2023-09-08 10:00:00,0.0,6.4,0.47,663.0
2023-09-08 11:00:00,0.0,8.5,0.54,732.0
2023-09-08 12:00:00,0.0,9.7,0.56,747.0
2023-09-08 13:00:00,0.0,10.3,0.55,705.0
2023-09-08 14:00:00,0.0,9.5,0.48,613.0
2023-09-08 15:00:00,0.0,8.3,0.38,478.0
2023-09-08 16:00:00,0.0,7.2,0.26,313.0
2023-09-08 17:00:00,0.0,4.0,0.11,142.0
2023-09-08 18:00:00,0.0,7.6,0.06,18.0
2023-09-08 19:00:00,0.0,8.0,0.05,0.0
2023-09-08 20:00:00,0.0,8.2,0.04,0.0
2023-09-08 21:00:00,0.0,7.8,0.03,0.0
2023-09-08 22:00:00,0.0,6.7,0.03,0.0
2023-09-08 23:00:00,0.0,3.2,0.0,0.0
2023-09-09 00:00:00,0.0,2.2,0.0,0.0
2023-09-09 01:00:00,0.0,1.6,0.0,0.0
2023-09-09 02:00:00,0.0,1.3,0.0,0.0
2023-09-09 03:00:00,0.0,1.6,0.0,0.0
2023-09-09 04:00:00,0.0,3.6,0.0,0.0
2023-09-09 05:00:00,0.0,3.9,0.02,0.0
2023-09-09 06:00:00,0.0,3.9,0.04,61.0
2023-09-09 07:00:00,0.0,2.6,0.13,215.0
2023-09-09 08:00:00,0.0,1.4,0.24,385.0
2023-09-09 09:00:00,0.0,3.3,0.36,536.0
2023-09-09 10:00:00,0.0,6.0,0.47,652.0
2023-09-09 11:00:00,0.0,8.0,0.54,721.0
2023-09-09 12:00:00,0.0,10.1,0.56,737.0
2023-09-09 13:00:00,0.0,10.1,0.54,692.0
2023-09-09 14:00:00,0.0,10.1,0.48,600.0
2023-09-09 15:00:00,0.0,9.8,0.39,465.0
2023-09-09 16:00:00,0.0,10.2,0.28,303.0
2023-09-09 17:00:00,0.0,9.0,0.16,135.0
2023-09-09 18:00:00,0.0,8.2,0.08,16.0
2023-09-09 19:00:00,0.0,7.4,0.05,0.0
2023-09-09 20:00:00,0.0,6.9,0.04,0.0
2023-09-09 21:00:00,0.0,7.0,0.04,0.0
2023-09-09 22:00:00,0.0,8.2,0.03,0.0
2023-09-09 23:00:00,0.0,6.8,0.01,0.0
2023-09-10 00:00:00,0.0,5.8,0.01,0.0
2023-09-10 01:00:00,0.0,3.8,0.0,0.0
2023-09-10 02:00:00,0.0,3.5,0.0,0.0
2023-09-10 03:00:00,0.0,3.8,0.0,0.0
2023-09-10 04:00:00,0.0,4.7,0.0,0.0
2023-09-10 05:00:00,0.0,4.0,0.03,0.0
2023-09-10 06:00:00,0.0,6.5,0.05,59.0
2023-09-10 07:00:00,0.0,4.5,0.14,213.0
2023-09-10 08:00:00,0.0,2.5,0.25,385.0
2023-09-10 09:00:00,0.0,1.6,0.36,539.0
2023-09-10 10:00:00,0.0,4.6,0.47,657.0
2023-09-10 11:00:00,0.0,6.4,0.54,728.0
2023-09-10 12:00:00,0.0,8.3,0.57,744.0
2023-09-10 13:00:00,0.0,8.3,0.54,696.0
2023-09-10 14:00:00,0.0,7.6,0.47,605.0
2023-09-10 15:00:00,0.0,7.6,0.38,469.0
2023-09-10 16:00:00,0.0,8.3,0.27,304.0
2023-09-10 17:00:00,0.0,6.5,0.14,134.0
2023-09-10 18:00:00,0.0,7.2,0.06,15.0
2023-09-10 19:00:00,0.0,7.5,0.05,0.0
2023-09-10 20:00:00,0.0,6.2,0.03,0.0
2023-09-10 21:00:00,0.0,7.5,0.04,0.0
2023-09-10 22:00:00,0.0,6.9,0.03,0.0
2023-09-10 23:00:00,0.0,5.2,0.01,0.0
2023-09-11 00:00:00,0.0,7.0,0.02,0.0
2023-09-11 01:00:00,0.0,6.6,0.02,0.0
2023-09-11 02:00:00,0.0,6.1,0.02,0.0
2023-09-11 03:00:00,0.0,4.9,0.01,0.0
2023-09-11 04:00:00,0.0,4.8,0.01,0.0
2023-09-11 05:00:00,0.0,4.3,0.03,0.0
2023-09-11 06:00:00,0.0,5.9,0.05,57.0
2023-09-11 07:00:00,0.0,3.2,0.13,211.0
2023-09-11 08:00:00,0.0,2.6,0.25,385.0
2023-09-11 09:00:00,0.0,1.3,0.36,540.0
2023-09-11 10:00:00,0.0,1.4,0.46,659.0
2023-09-11 11:00:00,0.0,2.9,0.53,730.0
2023-09-11 12:00:00,0.0,4.4,0.55,747.0
2023-09-11 13:00:00,0.0,4.7,0.52,701.0
2023-09-11 14:00:00,0.0,6.0,0.47,602.0
2023-09-11 15:00:00,0.0,7.6,0.38,460.0
2023-09-11 16:00:00,0.0,8.4,0.28,301.0
2023-09-11 17:00:00,0.0,7.1,0.15,131.0
2023-09-11 18:00:00,0.0,6.4,0.07,13.0
2023-09-11 19:00:00,0.0,6.9,0.06,0.0
2023-09-11 20:00:00,0.0,5.5,0.04,0.0
2023-09-11 21:00:00,0.0,5.1,0.03,0.0
2023-09-11 22:00:00,0.0,4.9,0.02,0.0
2023-09-11 23:00:00,0.0,5.5,0.01,0.0
2023-09-12 00:00:00,0.0,5.9,0.01,0.0
2023-09-12 01:00:00,0.0,7.0,0.02,0.0
2023-09-12 02:00:00,0.0,6.7,0.02,0.0
2023-09-12 03:00:00,0.0,6.2,0.01,0.0
2023-09-12 04:00:00,0.0,5.6,0.01,0.0
2023-09-12 05:00:00,0.0,5.5,0.04,0.0
2023-09-12 06:00:00,0.0,5.4,0.05,52.0
2023-09-12 07:00:00,0.0,1.1,0.1,167.0
2023-09-12 08:00:00,0.0,0.5,0.21,333.0
2023-09-12 09:00:00,0.0,3.7,0.36,506.0
2023-09-12 10:00:00,0.0,4.8,0.46,632.0
2023-09-12 11:00:00,0.0,3.8,0.52,702.0
2023-09-12 12:00:00,0.0,1.8,0.5,706.0
2023-09-12 13:00:00,0.0,1.1,0.48,668.0
2023-09-12 14:00:00,0.0,5.7,0.44,562.0
2023-09-12 15:00:00,0.0,6.4,0.36,446.0
2023-09-12 16:00:00,0.0,6.0,0.23,253.0
2023-09-12 17:00:00,0.0,5.4,0.12,117.0
2023-09-12 18:00:00,0.0,6.4,0.06,11.0
2023-09-12 19:00:00,0.0,8.0,0.06,0.0
2023-09-12 20:00:00,0.0,8.7,0.06,0.0
2023-09-12 21:00:00,0.0,6.9,0.03,0.0
2023-09-12 22:00:00,0.0,8.2,0.04,0.0
2023-09-12 23:00:00,0.0,11.8,0.06,0.0
2023-09-13 00:00:00,0.0,11.1,0.05,0.0
2023-09-13 01:00:00,0.0,10.8,0.05,0.0
2023-09-13 02:00:00,0.0,10.9,0.04,0.0
2023-09-13 03:00:00,0.0,9.7,0.03,0.0
2023-09-13 04:00:00,0.0,9.4,0.03,0.0
2023-09-13 05:00:00,0.0,5.9,0.04,0.0
2023-09-13 06:00:00,0.0,8.3,0.07,29.0
2023-09-13 07:00:00,0.1,7.3,0.08,48.0
2023-09-13 08:00:00,0.0,2.5,0.12,162.0
2023-09-13 09:00:00,0.0,4.9,0.25,347.0
2023-09-13 10:00:00,0.0,4.3,0.35,509.0
2023-09-13 11:00:00,0.0,3.2,0.45,658.0
2023-09-13 12:00:00,0.0,7.7,0.46,646.0
2023-09-13 13:00:00,0.0,8.0,0.44,580.0
2023-09-13 14:00:00,0.0,12.0,0.43,514.0
2023-09-13 15:00:00,0.0,16.9,0.35,353.0
2023-09-13 16:00:00,0.1,12.1,0.2,250.0
2023-09-13 17:00:00,0.0,8.0,0.1,107.0
2023-09-13 18:00:00,0.0,6.7,0.03,9.0
2023-09-13 19:00:00,0.0,6.0,0.01,0.0
2023-09-13 20:00:00,0.0,8.0,0.01,0.0
2023-09-13 21:00:00,0.0,6.6,0.0,0.0
2023-09-13 22:00:00,0.0,7.6,0.01,0.0
2023-09-13 23:00:00,0.0,7.0,0.0,0.0
2023-09-14 00:00:00,0.0,5.3,0.0,0.0
2023-09-14 01:00:00,0.0,4.3,0.0,0.0
2023-09-14 02:00:00,0.0,5.8,0.0,0.0
2023-09-14 03:00:00,0.0,6.7,0.0,0.0
2023-09-14 04:00:00,0.0,7.4,0.0,0.0
2023-09-14 05:00:00,0.0,6.5,0.0,0.0
2023-09-14 06:00:00,0.0,6.3,0.04,46.0
2023-09-14 07:00:00,0.0,4.8,0.12,189.0
2023-09-14 08:00:00,0.0,1.8,0.22,352.0
2023-09-14 09:00:00,0.0,4.8,0.34,496.0
2023-09-14 10:00:00,0.0,4.3,0.41,584.0
2023-09-14 11:00:00,0.0,3.4,0.43,598.0
2023-09-14 12:00:00,0.0,2.1,0.4,570.0
2023-09-14 13:00:00,0.0,3.1,0.39,545.0
2023-09-14 14:00:00,0.0,2.1,0.35,494.0
2023-09-14 15:00:00,3.1,11.0,0.27,352.0
2023-09-14 16:00:00,2.3,4.7,0.12,176.0
2023-09-14 17:00:00,0.0,2.2,0.04,48.0
2023-09-14 18:00:00,0.0,11.5,0.03,6.0
2023-09-14 19:00:00,0.0,3.7,0.0,0.0
2023-09-14 20:00:00,0.1,1.1,0.0,0.0
2023-09-14 21:00:00,0.0,1.0,0.0,0.0
2023-09-14 22:00:00,0.0,2.3,0.0,0.0
2023-09-14 23:00:00,0.0,14.6,0.0,0.0
